{"stats":{"minecraft:picked_up":{"minecraft:birch_log":21,"biomesoplenty:redwood_log":16,"minecraft:crafting_table":4,"minecraft:red_mushroom":5,"minecraft:birch_planks":27,"minecraft:oak_log":4,"minecraft:dirt":28,"minecraft:string":2,"minecraft:wheat_seeds":3,"minecraft:redstone_torch":3,"minecraft:birch_sapling":4,"minecraft:flowering_azalea":1,"minecraft:furnace":2,"minecraft:stick":3,"minecraft:porkchop":3,"minecraft:ink_sac":1,"minecraft:diorite":1,"minecraft:mossy_cobblestone":1,"minecraft:mutton":1,"hardcore_torches:animal_fat":1,"minecraft:coal":6,"minecraft:white_wool":1,"minecraft:cobblestone":87},"minecraft:used":{"minecraft:diorite":1,"minecraft:stone_sword":14,"minecraft:birch_planks":2,"minecraft:stone_pickaxe":92,"minecraft:wooden_pickaxe":20,"minecraft:stone":4,"minecraft:dirt":7,"minecraft:crafting_table":4,"minecraft:red_mushroom":1,"minecraft:campfire":2,"minecraft:redstone_torch":2,"minecraft:birch_sapling":4,"minecraft:stone_axe":49,"hardcore_torches:lit_torch":3,"minecraft:cobblestone":15,"minecraft:furnace":2,"alexsmobs:animal_dictionary":1},"minecraft:killed":{"endofherobrine:silverfish":1,"minecraft:pig":1,"minecraft:sheep":1},"minecraft:dropped":{"minecraft:red_mushroom":4},"minecraft:mined":{"minecraft:podzol":5,"minecraft:crafting_table":4,"minecraft:grass_block":4,"minecraft:campfire":1,"minecraft:cobblestone":4,"minecraft:red_mushroom":3,"minecraft:diorite":1,"immersive_weathering:azalea_leaf_pile":1,"minecraft:birch_planks":2,"minecraft:furnace":2,"minecraft:birch_log":18,"minecraft:fire":6,"minecraft:birch_leaves":4,"treechop:chopped_log":10,"minecraft:grass":4,"minecraft:coal_ore":1,"minecraft:oak_log":4,"biomesoplenty:redwood_log":6,"minecraft:dirt":15,"minecraft:cobweb":1,"minecraft:stone":81,"minecraft:fern":4},"minecraft:crafted":{"minecraft:crafting_table":2,"minecraft:wooden_pickaxe":1,"minecraft:furnace":1,"minecraft:stone":4,"minecraft:birch_planks":44,"minecraft:campfire":2,"minecraft:stone_axe":1,"minecraft:air":0,"minecraft:string":4,"minecraft:charcoal":4,"hardcore_torches:lit_torch":5,"minecraft:stick":20,"minecraft:stone_pickaxe":1,"minecraft:stone_sword":1},"minecraft:killed_by":{"minecraft:creeper":1,"the_impersonator:the_impersonator":1,"endofherobrine:pigman":2,"goatman:goatman":1,"cartoon_dweller:cartoon_dweller":1,"midnightlurker:midnight_lurker_unprovoked":1,"siren_head:siren_head":2},"minecraft:custom":{"minecraft:interact_with_furnace":7,"minecraft:mob_kills":3,"minecraft:interact_with_crafting_table":11,"minecraft:leave_game":1,"minecraft:time_since_death":72,"minecraft:time_since_rest":112,"minecraft:sprint_one_cm":191150,"minecraft:damage_taken":2323,"minecraft:walk_one_cm":195273,"minecraft:drop":4,"minecraft:damage_dealt":490,"minecraft:swim_one_cm":16050,"minecraft:fly_one_cm":52697,"minecraft:player_kills":1,"minecraft:crouch_one_cm":17641,"minecraft:play_time":68980,"minecraft:deaths":11,"minecraft:sneak_time":7314,"minecraft:walk_under_water_one_cm":6582,"minecraft:jump":702,"minecraft:walk_on_water_one_cm":7305,"minecraft:total_world_time":68980,"minecraft:fall_one_cm":12809}},"DataVersion":3120}