{"stats":{"minecraft:picked_up":{"biomesoplenty:redwood_log":16,"minecraft:crafting_table":4,"minecraft:allium":2,"minecraft:chicken":2,"minecraft:yellow_wool":6,"minecraft:brown_mushroom":1,"minecraft:wooden_pickaxe":1,"minecraft:potion":15,"minecraft:string":2,"minecraft:cobbled_deepslate":1,"hardcore_torches:unlit_torch":1,"minecraft:redstone_torch":9,"minecraft:rose_bush":5,"minecraft:sugar_cane":12,"minecraft:birch_sapling":4,"minecraft:furnace":4,"minecraft:egg":1,"minecraft:raw_iron":6,"minecraft:stick":11,"minecraft:porkchop":3,"hardcore_torches:lit_torch":2,"minecraft:diorite":1,"farmersdelight:onion":2,"minecraft:mutton":1,"minecraft:white_wool":24,"minecraft:cobblestone":176,"minecraft:birch_log":21,"minecraft:feather":3,"minecraft:iron_door":1,"minecraft:red_mushroom":5,"minecraft:birch_planks":27,"minecraft:oak_log":14,"minecraft:dirt":75,"hardcore_torches:smoldering_torch":1,"minecraft:wheat_seeds":4,"minecraft:cooked_chicken":2,"minecraft:glass_bottle":1,"minecraft:flowering_azalea":1,"minecraft:red_wool":2,"minecraft:dandelion":1,"minecraft:gravel":1,"minecraft:sand":16,"minecraft:ink_sac":1,"minecraft:mossy_cobblestone":1,"biomesoplenty:flowering_oak_sapling":3,"minecraft:bread":2,"minecraft:oak_sapling":3,"minecraft:coal":55,"hardcore_torches:animal_fat":1},"minecraft:used":{"hardcore_torches:smoldering_torch":1,"minecraft:stone_sword":20,"minecraft:stone":4,"minecraft:dirt":52,"minecraft:mutton":1,"minecraft:birch_sapling":4,"hardcore_torches:lit_torch":4,"minecraft:furnace":3,"minecraft:oak_sapling":2,"minecraft:diorite":1,"minecraft:birch_planks":2,"minecraft:glass_bottle":6,"minecraft:stone_pickaxe":272,"minecraft:wooden_pickaxe":20,"biomesoplenty:flowering_oak_sapling":3,"farmersdelight:onion":7,"minecraft:crafting_table":5,"minecraft:red_mushroom":1,"minecraft:campfire":2,"minecraft:redstone_torch":5,"minecraft:bread":1,"minecraft:stone_axe":51,"minecraft:cobblestone":15,"minecraft:potion":4,"alexsmobs:animal_dictionary":1,"minecraft:air":1},"minecraft:killed":{"endofherobrine:silverfish":1,"minecraft:chicken":2,"minecraft:pig":1,"minecraft:sheep":1},"minecraft:mined":{"immersive_weathering:biomesoplenty/flowering_oak_leaf_pile":2,"minecraft:grass_block":11,"biomesoplenty:flowering_oak_leaves":1,"minecraft:red_mushroom":3,"hardcore_torches:lit_wall_torch":1,"immersive_weathering:azalea_leaf_pile":1,"hardcore_torches:smoldering_wall_torch":1,"farmersdelight:wild_onions":2,"minecraft:furnace":4,"minecraft:iron_ore":6,"minecraft:fire":13,"treechop:chopped_log":12,"biomesoplenty:redwood_log":6,"minecraft:stone":155,"minecraft:white_wool":22,"minecraft:redstone_wall_torch":3,"immersive_weathering:oak_leaf_pile":4,"minecraft:podzol":5,"minecraft:red_wool":2,"minecraft:dandelion":1,"minecraft:crafting_table":4,"minecraft:campfire":1,"minecraft:cobblestone":4,"biomesoplenty:sprout":5,"minecraft:sugar_cane":6,"minecraft:diorite":1,"minecraft:iron_door":1,"minecraft:birch_planks":2,"minecraft:birch_log":18,"minecraft:yellow_wool":6,"minecraft:redstone_torch":2,"minecraft:birch_leaves":4,"hardcore_torches:lit_torch":1,"minecraft:grass":7,"minecraft:oak_log":10,"minecraft:coal_ore":52,"minecraft:dirt":56,"minecraft:gravel":1,"minecraft:sand":17,"minecraft:cobweb":1,"minecraft:oak_leaves":7,"minecraft:deepslate":1,"minecraft:fern":4},"minecraft:dropped":{"minecraft:brown_mushroom":1,"minecraft:wheat_seeds":4,"minecraft:mossy_cobblestone":1,"minecraft:feather":1,"minecraft:cobblestone":66,"hardcore_torches:lit_torch":3,"minecraft:red_mushroom":4,"minecraft:dirt":1,"hardcore_torches:unlit_torch":4,"minecraft:rose_bush":5,"minecraft:iron_door":1,"minecraft:flowering_azalea":1,"minecraft:dandelion":1,"minecraft:gravel":1,"hardcore_torches:animal_fat":1,"minecraft:cobbled_deepslate":1,"minecraft:chicken":2,"hardcore_torches:smoldering_torch":3,"minecraft:oak_sapling":1,"minecraft:redstone_torch":1,"minecraft:wooden_pickaxe":2},"minecraft:broken":{"minecraft:stone_pickaxe":2},"minecraft:crafted":{"minecraft:oak_planks":32,"minecraft:furnace":1,"minecraft:stone":4,"minecraft:glass":16,"minecraft:stone_pickaxe":3,"minecraft:glass_bottle":3,"minecraft:crafting_table":2,"minecraft:wooden_pickaxe":1,"minecraft:birch_planks":44,"minecraft:campfire":2,"minecraft:stone_axe":1,"minecraft:air":0,"minecraft:string":4,"minecraft:charcoal":4,"hardcore_torches:lit_torch":12,"minecraft:stick":20,"minecraft:stone_sword":1},"minecraft:killed_by":{"minecraft:player":1,"minecraft:creeper":1,"the_impersonator:the_impersonator":1,"goatman:goatman":2,"minecraft:drowned":1,"cartoon_dweller:cartoon_dweller":1,"mimicer:mimicer":1,"siren_head:siren_head":3,"minecraft:skeleton":1,"minecraft:zombie":1,"endofherobrine:pigman":2,"midnightlurker:midnight_lurker_unprovoked":1},"minecraft:custom":{"minecraft:mob_kills":5,"minecraft:interact_with_crafting_table":17,"minecraft:interact_with_campfire":15,"minecraft:leave_game":1,"minecraft:time_since_death":41079,"minecraft:sprint_one_cm":400801,"minecraft:walk_one_cm":508036,"minecraft:drop":42,"minecraft:play_time":158980,"minecraft:deaths":18,"minecraft:sneak_time":13788,"minecraft:walk_under_water_one_cm":24564,"minecraft:jump":1765,"minecraft:walk_on_water_one_cm":14825,"minecraft:total_world_time":158980,"minecraft:interact_with_furnace":11,"minecraft:time_since_rest":41108,"minecraft:damage_taken":3675,"minecraft:damage_dealt":906,"minecraft:swim_one_cm":34305,"minecraft:fly_one_cm":149401,"minecraft:player_kills":4,"minecraft:open_chest":11,"minecraft:crouch_one_cm":33658,"minecraft:fall_one_cm":30696}},"DataVersion":3120}