{"stats":{"minecraft:picked_up":{"minecraft:birch_log":21,"biomesoplenty:redwood_log":16,"minecraft:crafting_table":4,"minecraft:brown_mushroom":1,"minecraft:red_mushroom":5,"minecraft:birch_planks":27,"minecraft:oak_log":6,"minecraft:dirt":59,"minecraft:string":2,"minecraft:wheat_seeds":3,"minecraft:cobbled_deepslate":1,"minecraft:redstone_torch":4,"minecraft:sugar_cane":12,"minecraft:birch_sapling":4,"minecraft:flowering_azalea":1,"minecraft:furnace":2,"minecraft:stick":6,"minecraft:raw_iron":2,"hardcore_torches:lit_torch":1,"minecraft:gravel":1,"minecraft:porkchop":3,"minecraft:sand":16,"minecraft:ink_sac":1,"minecraft:diorite":1,"minecraft:mossy_cobblestone":1,"biomesoplenty:flowering_oak_sapling":1,"minecraft:oak_sapling":1,"minecraft:mutton":1,"hardcore_torches:animal_fat":1,"minecraft:coal":28,"minecraft:white_wool":1,"minecraft:cobblestone":168},"minecraft:used":{"minecraft:diorite":1,"minecraft:stone_sword":16,"minecraft:birch_planks":2,"minecraft:stone_pickaxe":226,"minecraft:wooden_pickaxe":20,"minecraft:stone":4,"biomesoplenty:flowering_oak_sapling":1,"minecraft:dirt":18,"minecraft:crafting_table":4,"minecraft:red_mushroom":1,"minecraft:campfire":2,"minecraft:redstone_torch":2,"minecraft:birch_sapling":4,"minecraft:stone_axe":51,"hardcore_torches:lit_torch":4,"minecraft:cobblestone":15,"minecraft:furnace":2,"alexsmobs:animal_dictionary":1},"minecraft:killed":{"endofherobrine:silverfish":1,"minecraft:pig":1,"minecraft:sheep":1},"minecraft:dropped":{"minecraft:brown_mushroom":1,"hardcore_torches:lit_torch":1,"minecraft:red_mushroom":4,"minecraft:redstone_torch":1},"minecraft:mined":{"minecraft:podzol":5,"minecraft:crafting_table":4,"minecraft:grass_block":8,"biomesoplenty:flowering_oak_leaves":1,"minecraft:campfire":1,"biomesoplenty:sprout":2,"minecraft:cobblestone":4,"minecraft:sugar_cane":6,"hardcore_torches:lit_wall_torch":1,"minecraft:red_mushroom":3,"minecraft:diorite":1,"immersive_weathering:azalea_leaf_pile":1,"minecraft:birch_planks":2,"minecraft:furnace":2,"minecraft:iron_ore":2,"minecraft:birch_log":18,"minecraft:fire":13,"minecraft:birch_leaves":4,"treechop:chopped_log":10,"hardcore_torches:lit_torch":1,"minecraft:grass":5,"minecraft:coal_ore":26,"minecraft:oak_log":4,"biomesoplenty:redwood_log":6,"minecraft:gravel":1,"minecraft:sand":17,"minecraft:dirt":43,"minecraft:cobweb":1,"minecraft:stone":147,"minecraft:deepslate":1,"minecraft:fern":4},"minecraft:broken":{"minecraft:stone_pickaxe":1},"minecraft:crafted":{"minecraft:crafting_table":2,"minecraft:wooden_pickaxe":1,"minecraft:furnace":1,"minecraft:stone":4,"minecraft:birch_planks":44,"minecraft:campfire":2,"minecraft:stone_axe":1,"minecraft:air":0,"minecraft:string":4,"minecraft:charcoal":4,"hardcore_torches:lit_torch":9,"minecraft:stick":20,"minecraft:stone_pickaxe":2,"minecraft:stone_sword":1},"minecraft:killed_by":{"minecraft:player":1,"minecraft:creeper":1,"minecraft:zombie":1,"the_impersonator:the_impersonator":1,"endofherobrine:pigman":2,"minecraft:drowned":1,"goatman:goatman":2,"cartoon_dweller:cartoon_dweller":1,"mimicer:mimicer":1,"midnightlurker:midnight_lurker_unprovoked":1,"siren_head:siren_head":3},"minecraft:custom":{"minecraft:interact_with_furnace":7,"minecraft:mob_kills":3,"minecraft:interact_with_crafting_table":15,"minecraft:leave_game":1,"minecraft:time_since_death":2302,"minecraft:time_since_rest":2346,"minecraft:sprint_one_cm":293285,"minecraft:damage_taken":3272,"minecraft:walk_one_cm":322589,"minecraft:drop":7,"minecraft:damage_dealt":665,"minecraft:swim_one_cm":34305,"minecraft:fly_one_cm":93502,"minecraft:player_kills":2,"minecraft:crouch_one_cm":24128,"minecraft:play_time":110980,"minecraft:deaths":17,"minecraft:sneak_time":10111,"minecraft:walk_under_water_one_cm":23471,"minecraft:jump":1194,"minecraft:walk_on_water_one_cm":14687,"minecraft:total_world_time":110980,"minecraft:fall_one_cm":19062}},"DataVersion":3120}