{"stats":{"minecraft:picked_up":{"minecraft:birch_log":21,"biomesoplenty:redwood_log":16,"minecraft:allium":2,"minecraft:crafting_table":4,"minecraft:feather":3,"minecraft:chicken":2,"minecraft:yellow_wool":6,"minecraft:brown_mushroom":1,"minecraft:wooden_pickaxe":1,"minecraft:red_mushroom":5,"minecraft:birch_planks":27,"minecraft:potion":7,"minecraft:oak_log":14,"minecraft:dirt":71,"minecraft:string":2,"hardcore_torches:smoldering_torch":1,"minecraft:wheat_seeds":4,"minecraft:cobbled_deepslate":1,"minecraft:cooked_chicken":1,"minecraft:rose_bush":4,"hardcore_torches:unlit_torch":1,"minecraft:redstone_torch":6,"minecraft:glass_bottle":1,"minecraft:sugar_cane":12,"minecraft:birch_sapling":4,"minecraft:flowering_azalea":1,"minecraft:egg":1,"minecraft:furnace":3,"minecraft:stick":11,"minecraft:raw_iron":2,"minecraft:red_wool":2,"minecraft:dandelion":1,"hardcore_torches:lit_torch":1,"minecraft:gravel":1,"minecraft:porkchop":3,"minecraft:sand":16,"minecraft:ink_sac":1,"minecraft:diorite":1,"minecraft:mossy_cobblestone":1,"biomesoplenty:flowering_oak_sapling":3,"farmersdelight:onion":2,"minecraft:bread":2,"minecraft:oak_sapling":3,"minecraft:mutton":1,"hardcore_torches:animal_fat":1,"minecraft:coal":29,"minecraft:white_wool":24,"minecraft:cobblestone":168},"minecraft:used":{"minecraft:diorite":1,"minecraft:stone_sword":20,"minecraft:birch_planks":2,"minecraft:glass_bottle":6,"minecraft:stone_pickaxe":227,"minecraft:wooden_pickaxe":20,"minecraft:stone":4,"biomesoplenty:flowering_oak_sapling":3,"farmersdelight:onion":7,"minecraft:dirt":40,"minecraft:crafting_table":4,"minecraft:red_mushroom":1,"minecraft:campfire":2,"minecraft:redstone_torch":4,"minecraft:bread":1,"minecraft:birch_sapling":4,"minecraft:stone_axe":51,"hardcore_torches:lit_torch":4,"minecraft:cobblestone":15,"minecraft:potion":4,"minecraft:oak_sapling":2,"minecraft:furnace":3,"alexsmobs:animal_dictionary":1,"minecraft:air":1},"minecraft:killed":{"endofherobrine:silverfish":1,"minecraft:pig":1,"minecraft:sheep":1,"minecraft:chicken":2},"minecraft:dropped":{"minecraft:gravel":1,"hardcore_torches:animal_fat":1,"minecraft:brown_mushroom":1,"minecraft:wheat_seeds":4,"minecraft:cobbled_deepslate":1,"minecraft:mossy_cobblestone":1,"minecraft:chicken":2,"minecraft:feather":1,"minecraft:cobblestone":66,"hardcore_torches:lit_torch":1,"minecraft:red_mushroom":4,"minecraft:dirt":1,"hardcore_torches:smoldering_torch":3,"minecraft:rose_bush":4,"hardcore_torches:unlit_torch":4,"minecraft:oak_sapling":1,"minecraft:redstone_torch":1,"minecraft:flowering_azalea":1,"minecraft:wooden_pickaxe":2,"minecraft:dandelion":1},"minecraft:mined":{"minecraft:podzol":5,"minecraft:red_wool":2,"immersive_weathering:biomesoplenty/flowering_oak_leaf_pile":2,"minecraft:dandelion":1,"minecraft:crafting_table":4,"minecraft:grass_block":9,"biomesoplenty:flowering_oak_leaves":1,"minecraft:campfire":1,"biomesoplenty:sprout":4,"minecraft:cobblestone":4,"minecraft:sugar_cane":6,"hardcore_torches:lit_wall_torch":1,"minecraft:red_mushroom":3,"minecraft:diorite":1,"immersive_weathering:azalea_leaf_pile":1,"hardcore_torches:smoldering_wall_torch":1,"farmersdelight:wild_onions":2,"minecraft:birch_planks":2,"minecraft:redstone_torch":2,"minecraft:furnace":3,"minecraft:yellow_wool":6,"minecraft:iron_ore":2,"minecraft:birch_log":18,"minecraft:fire":13,"minecraft:birch_leaves":4,"treechop:chopped_log":12,"hardcore_torches:lit_torch":1,"minecraft:grass":7,"minecraft:coal_ore":26,"minecraft:oak_log":10,"biomesoplenty:redwood_log":6,"minecraft:gravel":1,"minecraft:sand":17,"minecraft:dirt":54,"minecraft:cobweb":1,"minecraft:stone":147,"minecraft:white_wool":22,"immersive_weathering:oak_leaf_pile":4,"minecraft:oak_leaves":7,"minecraft:deepslate":1,"minecraft:fern":4},"minecraft:broken":{"minecraft:stone_pickaxe":1},"minecraft:crafted":{"minecraft:glass_bottle":3,"minecraft:oak_planks":32,"minecraft:crafting_table":2,"minecraft:wooden_pickaxe":1,"minecraft:furnace":1,"minecraft:stone":4,"minecraft:birch_planks":44,"minecraft:campfire":2,"minecraft:stone_axe":1,"minecraft:air":0,"minecraft:glass":3,"minecraft:string":4,"minecraft:charcoal":4,"hardcore_torches:lit_torch":9,"minecraft:stick":20,"minecraft:stone_pickaxe":2,"minecraft:stone_sword":1},"minecraft:killed_by":{"minecraft:player":1,"minecraft:skeleton":1,"minecraft:creeper":1,"minecraft:zombie":1,"the_impersonator:the_impersonator":1,"endofherobrine:pigman":2,"minecraft:drowned":1,"goatman:goatman":2,"cartoon_dweller:cartoon_dweller":1,"mimicer:mimicer":1,"midnightlurker:midnight_lurker_unprovoked":1,"siren_head:siren_head":3},"minecraft:custom":{"minecraft:interact_with_furnace":10,"minecraft:mob_kills":5,"minecraft:interact_with_crafting_table":16,"minecraft:interact_with_campfire":7,"minecraft:leave_game":1,"minecraft:time_since_death":29079,"minecraft:time_since_rest":29108,"minecraft:sprint_one_cm":365213,"minecraft:damage_taken":3605,"minecraft:walk_one_cm":474708,"minecraft:drop":38,"minecraft:damage_dealt":906,"minecraft:swim_one_cm":34305,"minecraft:fly_one_cm":136942,"minecraft:player_kills":3,"minecraft:open_chest":8,"minecraft:crouch_one_cm":29440,"minecraft:play_time":146980,"minecraft:deaths":18,"minecraft:sneak_time":11899,"minecraft:walk_under_water_one_cm":24564,"minecraft:jump":1644,"minecraft:walk_on_water_one_cm":14825,"minecraft:total_world_time":146980,"minecraft:fall_one_cm":28978}},"DataVersion":3120}