{"stats":{"minecraft:picked_up":{"minecraft:birch_log":21,"biomesoplenty:redwood_log":16,"minecraft:crafting_table":4,"minecraft:brown_mushroom":1,"minecraft:red_mushroom":5,"minecraft:birch_planks":27,"minecraft:oak_log":6,"minecraft:dirt":50,"minecraft:string":2,"minecraft:wheat_seeds":3,"minecraft:redstone_torch":3,"minecraft:sugar_cane":12,"minecraft:birch_sapling":4,"minecraft:flowering_azalea":1,"minecraft:furnace":2,"minecraft:stick":5,"minecraft:raw_iron":2,"minecraft:gravel":1,"minecraft:porkchop":3,"minecraft:sand":16,"minecraft:ink_sac":1,"minecraft:diorite":1,"minecraft:mossy_cobblestone":1,"biomesoplenty:flowering_oak_sapling":1,"minecraft:oak_sapling":1,"minecraft:mutton":1,"hardcore_torches:animal_fat":1,"minecraft:coal":6,"minecraft:white_wool":1,"minecraft:cobblestone":157},"minecraft:used":{"minecraft:diorite":1,"minecraft:stone_sword":15,"minecraft:birch_planks":2,"minecraft:stone_pickaxe":182,"minecraft:wooden_pickaxe":20,"minecraft:stone":4,"biomesoplenty:flowering_oak_sapling":1,"minecraft:dirt":12,"minecraft:crafting_table":4,"minecraft:red_mushroom":1,"minecraft:campfire":2,"minecraft:redstone_torch":2,"minecraft:birch_sapling":4,"minecraft:stone_axe":49,"hardcore_torches:lit_torch":3,"minecraft:cobblestone":15,"minecraft:furnace":2,"alexsmobs:animal_dictionary":1},"minecraft:killed":{"endofherobrine:silverfish":1,"minecraft:pig":1,"minecraft:sheep":1},"minecraft:dropped":{"minecraft:brown_mushroom":1,"minecraft:red_mushroom":4,"minecraft:redstone_torch":1},"minecraft:mined":{"minecraft:podzol":5,"minecraft:crafting_table":4,"minecraft:grass_block":8,"biomesoplenty:flowering_oak_leaves":1,"minecraft:campfire":1,"biomesoplenty:sprout":2,"minecraft:cobblestone":4,"minecraft:sugar_cane":6,"hardcore_torches:lit_wall_torch":1,"minecraft:red_mushroom":3,"minecraft:diorite":1,"immersive_weathering:azalea_leaf_pile":1,"minecraft:birch_planks":2,"minecraft:furnace":2,"minecraft:iron_ore":2,"minecraft:birch_log":18,"minecraft:fire":6,"minecraft:birch_leaves":4,"treechop:chopped_log":10,"minecraft:grass":5,"minecraft:coal_ore":1,"minecraft:oak_log":4,"biomesoplenty:redwood_log":6,"minecraft:gravel":1,"minecraft:sand":17,"minecraft:dirt":35,"minecraft:cobweb":1,"minecraft:stone":138,"minecraft:fern":4},"minecraft:broken":{"minecraft:stone_pickaxe":1},"minecraft:crafted":{"minecraft:crafting_table":2,"minecraft:wooden_pickaxe":1,"minecraft:furnace":1,"minecraft:stone":4,"minecraft:birch_planks":44,"minecraft:campfire":2,"minecraft:stone_axe":1,"minecraft:air":0,"minecraft:string":4,"minecraft:charcoal":4,"hardcore_torches:lit_torch":7,"minecraft:stick":20,"minecraft:stone_pickaxe":2,"minecraft:stone_sword":1},"minecraft:killed_by":{"minecraft:creeper":1,"minecraft:zombie":1,"the_impersonator:the_impersonator":1,"endofherobrine:pigman":2,"minecraft:drowned":1,"goatman:goatman":2,"cartoon_dweller:cartoon_dweller":1,"midnightlurker:midnight_lurker_unprovoked":1,"siren_head:siren_head":3},"minecraft:custom":{"minecraft:interact_with_furnace":7,"minecraft:mob_kills":3,"minecraft:interact_with_crafting_table":15,"minecraft:leave_game":1,"minecraft:time_since_death":10897,"minecraft:time_since_rest":10934,"minecraft:sprint_one_cm":275860,"minecraft:damage_taken":2946,"minecraft:walk_one_cm":278272,"minecraft:drop":6,"minecraft:damage_dealt":500,"minecraft:swim_one_cm":34305,"minecraft:fly_one_cm":90101,"minecraft:player_kills":1,"minecraft:crouch_one_cm":22181,"minecraft:play_time":98980,"minecraft:deaths":15,"minecraft:sneak_time":9229,"minecraft:walk_under_water_one_cm":22847,"minecraft:jump":1044,"minecraft:walk_on_water_one_cm":14618,"minecraft:total_world_time":98980,"minecraft:fall_one_cm":18537}},"DataVersion":3120}