{"stats":{"minecraft:picked_up":{"biomesoplenty:redwood_log":16,"minecraft:crafting_table":6,"minecraft:allium":2,"minecraft:chicken":2,"minecraft:yellow_wool":6,"minecraft:brown_mushroom":1,"minecraft:wooden_pickaxe":1,"minecraft:potion":15,"minecraft:string":2,"minecraft:wooden_sword":1,"minecraft:cobbled_deepslate":1,"hardcore_torches:unlit_torch":1,"minecraft:rose_bush":5,"minecraft:redstone_torch":9,"minecraft:light_gray_wool":2,"minecraft:sugar_cane":12,"minecraft:birch_sapling":4,"minecraft:furnace":4,"minecraft:egg":1,"minecraft:stick":12,"minecraft:raw_iron":8,"minecraft:porkchop":4,"hardcore_torches:lit_torch":2,"minecraft:diorite":1,"minecraft:stone_sword":1,"farmersdelight:onion":2,"minecraft:mutton":3,"minecraft:white_wool":33,"minecraft:cobblestone":201,"biomesoplenty:lavender":4,"minecraft:birch_log":21,"minecraft:magma_block":2,"minecraft:feather":3,"minecraft:iron_door":1,"minecraft:red_mushroom":5,"minecraft:birch_planks":27,"minecraft:oak_log":30,"minecraft:dirt":82,"hardcore_torches:smoldering_torch":1,"minecraft:wheat_seeds":4,"minecraft:cooked_chicken":2,"minecraft:glass_bottle":1,"minecraft:flowering_azalea":1,"minecraft:stone_brick_slab":2,"minecraft:red_wool":2,"minecraft:dandelion":1,"minecraft:gravel":1,"minecraft:sand":31,"minecraft:ink_sac":1,"minecraft:mossy_cobblestone":1,"biomesoplenty:flowering_oak_sapling":5,"minecraft:bread":2,"minecraft:oak_sapling":4,"minecraft:black_wool":1,"hardcore_torches:animal_fat":4,"minecraft:coal":56},"minecraft:used":{"hardcore_torches:smoldering_torch":1,"minecraft:stone_sword":79,"immersive_weathering:charred_planks":1,"minecraft:stone":4,"minecraft:dirt":69,"minecraft:mutton":1,"minecraft:stone_brick_slab":2,"minecraft:birch_sapling":4,"hardcore_torches:lit_torch":7,"minecraft:oak_sapling":2,"minecraft:furnace":4,"minecraft:diorite":1,"minecraft:birch_planks":2,"minecraft:glass_bottle":6,"minecraft:stone_pickaxe":290,"minecraft:wooden_pickaxe":44,"biomesoplenty:flowering_oak_sapling":3,"farmersdelight:onion":7,"minecraft:sand":3,"minecraft:crafting_table":8,"minecraft:red_mushroom":1,"minecraft:campfire":2,"minecraft:redstone_torch":5,"minecraft:bread":3,"minecraft:stone_axe":76,"minecraft:cobblestone":15,"minecraft:potion":4,"minecraft:oak_boat":1,"alexsmobs:animal_dictionary":1,"minecraft:air":1},"minecraft:killed":{"endofherobrine:silverfish":1,"minecraft:chicken":2,"minecraft:pig":3,"minecraft:sheep":3,"endofherobrine:sheep":15,"campsite_structures:camper":1},"minecraft:mined":{"immersive_weathering:biomesoplenty/flowering_oak_leaf_pile":2,"biomesoplenty:bush":2,"minecraft:grass_block":13,"biomesoplenty:flowering_oak_leaves":2,"hardcore_torches:lit_wall_torch":2,"minecraft:red_mushroom":3,"immersive_weathering:azalea_leaf_pile":1,"farmersdelight:wild_onions":2,"hardcore_torches:smoldering_wall_torch":1,"minecraft:magma_block":2,"minecraft:furnace":4,"minecraft:fire":13,"minecraft:iron_ore":10,"biomesoplenty:lavender":4,"treechop:chopped_log":14,"biomesoplenty:redwood_log":6,"minecraft:stone":184,"minecraft:white_wool":27,"minecraft:redstone_wall_torch":3,"immersive_weathering:oak_leaf_pile":4,"minecraft:podzol":5,"minecraft:red_wool":2,"minecraft:stone_brick_slab":1,"minecraft:dandelion":1,"minecraft:crafting_table":6,"minecraft:campfire":1,"minecraft:cobblestone":7,"biomesoplenty:sprout":8,"minecraft:sugar_cane":6,"minecraft:diorite":1,"minecraft:iron_door":1,"minecraft:birch_planks":2,"minecraft:birch_log":18,"minecraft:yellow_wool":6,"minecraft:redstone_torch":3,"minecraft:birch_leaves":4,"minecraft:light_gray_wool":2,"hardcore_torches:lit_torch":1,"minecraft:grass":15,"minecraft:coal_ore":53,"minecraft:oak_log":24,"minecraft:dirt":59,"minecraft:gravel":1,"minecraft:sand":36,"minecraft:cobweb":1,"minecraft:oak_leaves":12,"minecraft:deepslate":1,"minecraft:fern":4},"minecraft:dropped":{"minecraft:brown_mushroom":1,"minecraft:wheat_seeds":4,"minecraft:mossy_cobblestone":1,"minecraft:feather":1,"minecraft:cobblestone":66,"hardcore_torches:lit_torch":3,"minecraft:red_mushroom":4,"minecraft:dirt":1,"minecraft:rose_bush":5,"hardcore_torches:unlit_torch":4,"minecraft:iron_door":1,"minecraft:wooden_sword":1,"minecraft:flowering_azalea":1,"minecraft:dandelion":1,"minecraft:gravel":1,"hardcore_torches:animal_fat":1,"minecraft:stone_sword":1,"minecraft:cobbled_deepslate":1,"minecraft:chicken":2,"hardcore_torches:smoldering_torch":3,"minecraft:oak_sapling":1,"minecraft:redstone_torch":1,"minecraft:wooden_pickaxe":3,"minecraft:magma_block":2},"minecraft:broken":{"minecraft:stone_pickaxe":2},"minecraft:crafted":{"minecraft:oak_planks":76,"minecraft:furnace":2,"minecraft:stone":4,"minecraft:glass":16,"minecraft:stone_pickaxe":4,"immersive_weathering:charred_planks":2,"minecraft:glass_bottle":3,"minecraft:crafting_table":4,"minecraft:wooden_pickaxe":2,"minecraft:birch_planks":44,"minecraft:campfire":2,"minecraft:stone_axe":2,"minecraft:air":0,"minecraft:oak_boat":2,"minecraft:string":8,"minecraft:charcoal":13,"hardcore_torches:lit_torch":16,"minecraft:stick":36,"minecraft:stone_sword":2},"minecraft:killed_by":{"minecraft:player":4,"minecraft:creeper":1,"the_impersonator:the_impersonator":1,"minecraft:drowned":1,"goatman:goatman":2,"endofherobrine:sheep":1,"cartoon_dweller:cartoon_dweller":2,"mimicer:mimicer":1,"siren_head:siren_head":3,"minecraft:skeleton":1,"minecraft:zombie":3,"endofherobrine:pigman":2,"midnightlurker:midnight_lurker_unprovoked":1},"minecraft:custom":{"minecraft:mob_kills":28,"minecraft:interact_with_crafting_table":26,"minecraft:interact_with_campfire":17,"minecraft:leave_game":3,"minecraft:time_since_death":16645,"minecraft:sprint_one_cm":436627,"minecraft:walk_one_cm":602598,"minecraft:drop":47,"minecraft:play_time":194690,"minecraft:deaths":25,"minecraft:sneak_time":18269,"minecraft:walk_under_water_one_cm":30687,"minecraft:boat_one_cm":34233,"minecraft:jump":2123,"minecraft:walk_on_water_one_cm":32941,"minecraft:total_world_time":194690,"minecraft:interact_with_furnace":27,"minecraft:time_since_rest":16674,"minecraft:damage_taken":5497,"minecraft:damage_dealt":3306,"minecraft:swim_one_cm":42827,"minecraft:fly_one_cm":183425,"minecraft:player_kills":7,"minecraft:open_chest":11,"minecraft:crouch_one_cm":46006,"minecraft:fall_one_cm":39690}},"DataVersion":3120}