{"stats":{"minecraft:picked_up":{"biomesoplenty:redwood_log":16,"minecraft:crafting_table":10,"minecraft:allium":2,"minecraft:chainmail_boots":1,"minecraft:chicken":2,"minecraft:flower_pot":1,"minecraft:yellow_wool":6,"minecraft:brown_mushroom":1,"minecraft:wooden_pickaxe":3,"minecraft:potion":24,"alexsmobs:gazelle_horn":1,"minecraft:string":9,"minecraft:raw_copper":3,"minecraft:wooden_sword":1,"minecraft:iron_shovel":1,"minecraft:cracked_stone_bricks":2,"minecraft:gold_nugget":1,"minecraft:cobbled_deepslate":6,"hardcore_torches:unlit_torch":1,"minecraft:rose_bush":5,"minecraft:redstone_torch":9,"minecraft:light_gray_wool":13,"minecraft:sugar_cane":12,"minecraft:birch_sapling":4,"minecraft:iron_boots":1,"minecraft:furnace":5,"minecraft:egg":1,"minecraft:golden_helmet":1,"minecraft:stick":22,"minecraft:raw_iron":37,"minecraft:porkchop":4,"hardcore_torches:lit_torch":6,"minecraft:diorite":1,"minecraft:carrot":1,"minecraft:stone_sword":3,"minecraft:arrow":6,"minecraft:light_gray_bed":1,"minecraft:rotten_flesh":9,"minecraft:beetroot_seeds":1,"farmersdelight:onion":2,"minecraft:mutton":3,"minecraft:white_wool":59,"minecraft:cobblestone":233,"minecraft:birch_log":21,"biomesoplenty:lavender":6,"minecraft:magma_block":2,"minecraft:feather":3,"minecraft:iron_door":1,"minecraft:brown_wool":4,"minecraft:red_mushroom":5,"minecraft:birch_planks":27,"minecraft:oak_log":32,"minecraft:golden_boots":1,"minecraft:gunpowder":2,"immersive_weathering:charred_planks":1,"minecraft:dirt":91,"hardcore_torches:smoldering_torch":1,"minecraft:cooked_mutton":3,"minecraft:bone":6,"minecraft:wheat_seeds":6,"minecraft:stone_pickaxe":1,"minecraft:iron_ingot":4,"minecraft:cooked_chicken":2,"minecraft:mossy_stone_bricks":1,"minecraft:glass_bottle":2,"minecraft:stone_hoe":1,"minecraft:oak_planks":1,"minecraft:flowering_azalea":1,"minecraft:stone_brick_slab":2,"minecraft:red_wool":2,"minecraft:dandelion":1,"minecraft:spyglass":1,"minecraft:gravel":1,"minecraft:sand":32,"minecraft:dead_bush":1,"minecraft:spruce_sapling":2,"minecraft:ink_sac":1,"minecraft:white_bed":1,"minecraft:spruce_log":64,"minecraft:dark_oak_log":13,"minecraft:mossy_cobblestone":2,"biomesoplenty:flowering_oak_sapling":5,"minecraft:polished_andesite":1,"minecraft:stone_axe":1,"minecraft:bread":2,"minecraft:oak_sapling":6,"minecraft:black_wool":1,"hardcore_torches:animal_fat":4,"minecraft:coal":75},"minecraft:used":{"hardcore_torches:smoldering_torch":1,"minecraft:stone_sword":198,"immersive_weathering:charred_planks":2,"minecraft:stone":4,"minecraft:iron_chestplate":1,"hardcore_torches:unlit_torch":1,"minecraft:dirt":73,"minecraft:spyglass":16,"minecraft:mutton":1,"minecraft:stone_brick_slab":2,"minecraft:birch_sapling":4,"minecraft:iron_helmet":1,"hardcore_torches:lit_torch":12,"minecraft:furnace":7,"minecraft:oak_sapling":4,"minecraft:light_gray_bed":1,"minecraft:golden_boots":1,"minecraft:cooked_mutton":2,"minecraft:diorite":1,"minecraft:birch_planks":2,"minecraft:glass_bottle":10,"minecraft:stone_pickaxe":379,"minecraft:oak_planks":3,"minecraft:wooden_pickaxe":44,"biomesoplenty:lavender":6,"biomesoplenty:flowering_oak_sapling":5,"minecraft:white_wool":1,"farmersdelight:onion":9,"minecraft:sand":4,"minecraft:crafting_table":13,"minecraft:red_mushroom":1,"minecraft:white_bed":1,"minecraft:campfire":2,"minecraft:redstone_torch":5,"minecraft:flower_pot":1,"minecraft:bread":3,"minecraft:spruce_sapling":2,"minecraft:stone_axe":229,"minecraft:cobblestone":30,"minecraft:potion":9,"minecraft:oak_boat":1,"alexsmobs:animal_dictionary":1,"minecraft:air":1},"minecraft:killed":{"endofherobrine:silverfish":1,"minecraft:zombified_piglin":1,"minecraft:chicken":2,"minecraft:pig":3,"endofherobrine:villager":2,"minecraft:iron_golem":1,"minecraft:creeper":1,"minecraft:sheep":3,"minecraft:pillager":1,"minecraft:zombie":8,"alexsmobs:gazelle":1,"endofherobrine:sheep":15,"campsite_structures:camper":1},"minecraft:mined":{"immersive_weathering:biomesoplenty/flowering_oak_leaf_pile":2,"biomesoplenty:desert_grass":1,"minecraft:potted_dead_bush":1,"biomesoplenty:bush":7,"minecraft:grass_block":16,"minecraft:brown_wool":4,"biomesoplenty:flowering_oak_leaves":2,"minecraft:light_gray_bed":1,"minecraft:spruce_leaves":3,"minecraft:red_mushroom":3,"hardcore_torches:lit_wall_torch":4,"immersive_weathering:azalea_leaf_pile":1,"minecraft:spawner":1,"hardcore_torches:smoldering_wall_torch":1,"farmersdelight:wild_onions":2,"minecraft:magma_block":2,"minecraft:furnace":5,"immersive_weathering:mossy_stone":1,"minecraft:iron_ore":23,"minecraft:fire":23,"biomesoplenty:lavender":4,"treechop:chopped_log":52,"minecraft:deepslate_iron_ore":16,"biomesoplenty:redwood_log":6,"minecraft:stone":206,"minecraft:white_wool":50,"minecraft:redstone_wall_torch":3,"immersive_weathering:oak_leaf_pile":4,"minecraft:podzol":5,"minecraft:glass_pane":2,"minecraft:red_wool":2,"minecraft:stone_brick_slab":1,"minecraft:dandelion":1,"minecraft:crafting_table":10,"minecraft:campfire":1,"minecraft:deepslate_coal_ore":13,"minecraft:cobblestone":15,"biomesoplenty:sprout":8,"minecraft:sugar_cane":6,"minecraft:diorite":1,"minecraft:iron_door":1,"minecraft:birch_planks":2,"realmrpg_skeletons:bow_skeleton":1,"minecraft:yellow_wool":6,"minecraft:birch_log":18,"minecraft:redstone_torch":3,"minecraft:spruce_log":43,"minecraft:birch_leaves":4,"minecraft:light_gray_wool":11,"hardcore_torches:lit_torch":4,"minecraft:grass":21,"minecraft:coal_ore":54,"minecraft:oak_log":25,"minecraft:sand":37,"minecraft:gravel":1,"minecraft:dirt":60,"minecraft:cobweb":7,"minecraft:smooth_basalt":1,"minecraft:cracked_stone_bricks":2,"minecraft:polished_andesite":1,"minecraft:mossy_stone_bricks":1,"minecraft:oak_leaves":12,"minecraft:deepslate":4,"minecraft:fern":4},"minecraft:dropped":{"minecraft:stone_hoe":1,"minecraft:golden_boots":1,"minecraft:brown_mushroom":1,"minecraft:wheat_seeds":6,"minecraft:mossy_cobblestone":2,"minecraft:feather":1,"minecraft:cobblestone":69,"minecraft:cracked_stone_bricks":2,"hardcore_torches:lit_torch":7,"minecraft:red_mushroom":4,"minecraft:stick":1,"minecraft:polished_andesite":1,"minecraft:dirt":8,"minecraft:dark_oak_log":13,"hardcore_torches:unlit_torch":4,"minecraft:rose_bush":5,"minecraft:iron_door":1,"minecraft:dead_bush":1,"minecraft:wooden_sword":1,"minecraft:flowering_azalea":1,"minecraft:gold_nugget":1,"minecraft:string":1,"minecraft:dandelion":1,"minecraft:gravel":1,"minecraft:stone_axe":2,"hardcore_torches:animal_fat":1,"minecraft:stone_sword":4,"minecraft:cobbled_deepslate":6,"minecraft:raw_copper":3,"minecraft:chicken":2,"minecraft:rotten_flesh":9,"hardcore_torches:smoldering_torch":3,"immersive_weathering:charred_planks":1,"minecraft:mossy_stone_bricks":1,"minecraft:beetroot_seeds":1,"minecraft:chainmail_boots":1,"minecraft:oak_sapling":2,"minecraft:redstone_torch":1,"minecraft:arrow":1,"minecraft:wooden_pickaxe":5,"minecraft:magma_block":2},"minecraft:broken":{"minecraft:golden_helmet":1,"minecraft:stone_sword":1,"minecraft:stone_pickaxe":2},"minecraft:crafted":{"minecraft:oak_planks":84,"minecraft:furnace":4,"minecraft:stone":4,"minecraft:glass":28,"minecraft:stone_pickaxe":5,"immersive_weathering:charred_planks":2,"minecraft:glass_bottle":6,"minecraft:crafting_table":5,"minecraft:wooden_pickaxe":2,"minecraft:iron_helmet":1,"minecraft:birch_planks":44,"minecraft:campfire":2,"minecraft:stone_axe":3,"minecraft:air":0,"minecraft:oak_boat":2,"minecraft:iron_chestplate":1,"minecraft:shield":1,"minecraft:string":28,"minecraft:charcoal":13,"hardcore_torches:lit_torch":23,"minecraft:stick":36,"minecraft:iron_ingot":10,"minecraft:stone_sword":4,"firstaid:bandage":5},"minecraft:killed_by":{"endofherobrine:cow":1,"minecraft:player":5,"minecraft:zombified_piglin":1,"minecraft:creeper":2,"corpse_stalker:corpse_stalker":1,"the_impersonator:the_impersonator":1,"minecraft:drowned":1,"goatman:goatman":6,"endofherobrine:sheep":1,"cartoon_dweller:cartoon_dweller":2,"mimicer:mimicer":1,"siren_head:siren_head":3,"minecraft:vindicator":3,"man:managgresive":2,"simon_12:simon_12":1,"endofherobrine:villager":2,"minecraft:skeleton":3,"minecraft:zombie":4,"endofherobrine:pigman":2,"midnightlurker:midnight_lurker_stare":1,"midnightlurker:midnight_lurker_unprovoked":1},"minecraft:custom":{"minecraft:mob_kills":42,"minecraft:interact_with_crafting_table":48,"minecraft:interact_with_campfire":30,"minecraft:leave_game":7,"minecraft:time_since_death":7375,"minecraft:sprint_one_cm":656188,"minecraft:walk_one_cm":895411,"minecraft:drop":116,"minecraft:damage_dealt_absorbed":80,"minecraft:talked_to_villager":2,"minecraft:play_time":278165,"minecraft:sneak_time":25938,"minecraft:deaths":46,"minecraft:walk_under_water_one_cm":33000,"minecraft:boat_one_cm":38258,"minecraft:jump":3172,"minecraft:walk_on_water_one_cm":34799,"minecraft:total_world_time":278165,"minecraft:interact_with_furnace":47,"minecraft:raid_trigger":2,"minecraft:sleep_in_bed":4,"minecraft:time_since_rest":7097,"minecraft:damage_taken":10317,"minecraft:damage_dealt":7812,"minecraft:swim_one_cm":45477,"minecraft:fly_one_cm":333399,"minecraft:player_kills":8,"minecraft:open_chest":23,"minecraft:crouch_one_cm":65868,"minecraft:fall_one_cm":61788}},"DataVersion":3120}