{"stats":{"minecraft:picked_up":{"biomesoplenty:redwood_log":21,"minecraft:charcoal":4,"minecraft:crafting_table":9,"minecraft:coarse_dirt":1,"minecraft:azure_bluet":1,"minecraft:wooden_pickaxe":1,"minecraft:chainmail_boots":2,"minecraft:yellow_wool":14,"minecraft:gold_block":2,"immersive_weathering:ash_layer_block":6,"minecraft:beef":13,"hardcore_torches:unlit_torch":3,"minecraft:oak_boat":4,"minecraft:rose_bush":5,"minecraft:redstone_torch":4,"minecraft:azalea":2,"minecraft:poppy":1,"minecraft:iron_pickaxe":1,"minecraft:light_gray_wool":2,"minecraft:birch_sapling":1,"minecraft:furnace":5,"minecraft:golden_helmet":1,"minecraft:stick":40,"minecraft:raw_iron":9,"minecraft:porkchop":10,"hardcore_torches:lit_torch":2,"minecraft:stone_sword":2,"minecraft:rotten_flesh":10,"minecraft:hay_block":38,"minecraft:mutton":15,"minecraft:birch_log":5,"minecraft:white_wool":37,"alexsmobs:flying_fish":2,"minecraft:cobblestone":342,"biomesoplenty:lavender":1,"minecraft:iron_door":3,"minecraft:andesite":1,"minecraft:leather":9,"minecraft:red_mushroom":1,"minecraft:potato":10,"minecraft:oak_log":70,"minecraft:golden_boots":1,"immersive_weathering:charred_planks":2,"minecraft:lapis_lazuli":37,"minecraft:dirt":65,"hardcore_torches:smoldering_torch":1,"minecraft:apple":4,"minecraft:wheat_seeds":2,"minecraft:iron_ingot":15,"minecraft:oak_planks":25,"minecraft:flowering_azalea":1,"minecraft:mossy_stone_brick_stairs":1,"minecraft:sand":29,"minecraft:spruce_sapling":2,"minecraft:blast_furnace":1,"minecraft:white_bed":2,"minecraft:spruce_log":11,"biomesoplenty:flowering_oak_sapling":3,"minecraft:stone_axe":1,"minecraft:oak_sapling":31,"hardcore_torches:animal_fat":19,"minecraft:coal":71},"minecraft:killed":{"alexsmobs:flying_fish":1,"minecraft:pig":5,"endofherobrine:villager":1,"alexsmobs:seal":1,"minecraft:iron_golem":1,"minecraft:sheep":8,"minecraft:pillager":2,"minecraft:zombie":1,"endofherobrine:cow":2,"endofherobrine:sheep":15,"endofherobrine:pigman":1,"minecraft:cow":8},"minecraft:used":{"minecraft:azalea":2,"hardcore_torches:smoldering_torch":3,"minecraft:rose_bush":1,"minecraft:stone_sword":155,"immersive_weathering:charred_planks":1,"minecraft:poppy":1,"minecraft:iron_chestplate":1,"hardcore_torches:unlit_torch":6,"minecraft:dirt":53,"biomesoplenty:redwood_log":2,"minecraft:iron_axe":32,"minecraft:birch_sapling":1,"minecraft:iron_helmet":2,"minecraft:iron_boots":1,"minecraft:light_gray_wool":2,"hardcore_torches:lit_torch":8,"minecraft:oak_sapling":21,"minecraft:furnace":3,"minecraft:iron_leggings":1,"minecraft:golden_boots":2,"minecraft:glass_bottle":7,"minecraft:stone_pickaxe":428,"minecraft:oak_planks":31,"minecraft:wooden_pickaxe":35,"minecraft:mossy_stone_brick_stairs":1,"biomesoplenty:lavender":1,"biomesoplenty:flowering_oak_sapling":3,"minecraft:sand":8,"minecraft:crafting_table":6,"minecraft:white_bed":1,"minecraft:spruce_log":1,"minecraft:redstone_torch":3,"minecraft:oak_log":1,"minecraft:apple":1,"minecraft:bread":1,"minecraft:iron_pickaxe":10,"minecraft:spruce_sapling":2,"minecraft:iron_door":3,"minecraft:stone_axe":163,"minecraft:cobblestone":40,"minecraft:potion":4,"minecraft:andesite":1,"minecraft:oak_boat":5,"minecraft:coarse_dirt":1},"minecraft:mined":{"minecraft:oak_sapling":7,"minecraft:white_bed":1,"piglin_expansion:basaltic_blackstone":1,"immersive_weathering:biomesoplenty/flowering_oak_leaf_pile":5,"minecraft:dark_oak_leaves":1,"biomesoplenty:desert_grass":5,"minecraft:sea_lantern":1,"immersive_weathering:birch_leaf_pile":2,"biomesoplenty:bush":5,"minecraft:grass_block":15,"biomesoplenty:flowering_oak_leaves":1,"minecraft:spruce_leaves":2,"hardcore_torches:lit_wall_torch":3,"minecraft:hay_block":38,"minecraft:furnace":5,"minecraft:fire":28,"immersive_weathering:mossy_stone":1,"minecraft:iron_ore":2,"biomesoplenty:lavender":1,"minecraft:andesite":1,"treechop:chopped_log":14,"immersive_weathering:charred_planks":2,"minecraft:azure_bluet":1,"minecraft:gold_block":2,"biomesoplenty:sea_oats":2,"minecraft:mossy_stone_brick_stairs":1,"biomesoplenty:redwood_log":23,"minecraft:stone":359,"minecraft:white_wool":33,"immersive_weathering:oak_leaf_pile":36,"minecraft:podzol":4,"immersive_weathering:spruce_leaf_pile":7,"minecraft:stone_brick_slab":1,"minecraft:crafting_table":8,"minecraft:blast_furnace":1,"minecraft:campfire":1,"minecraft:tall_grass":1,"minecraft:cobblestone":5,"biomesoplenty:sprout":6,"minecraft:lapis_ore":5,"minecraft:oak_planks":2,"endofherobrine:mossy_stone_bricks":4,"minecraft:iron_door":2,"minecraft:seagrass":1,"minecraft:coarse_dirt":1,"minecraft:yellow_wool":14,"minecraft:birch_log":4,"minecraft:redstone_torch":2,"minecraft:spruce_log":5,"minecraft:birch_leaves":6,"minecraft:light_gray_wool":2,"hardcore_torches:lit_torch":3,"minecraft:grass":18,"minecraft:oak_log":64,"minecraft:coal_ore":58,"minecraft:sand":21,"minecraft:dirt":48,"minecraft:cobweb":1,"minecraft:cracked_stone_bricks":3,"minecraft:oak_leaves":38},"minecraft:dropped":{"minecraft:iron_ingot":4,"minecraft:bread":2,"minecraft:golden_boots":1,"minecraft:birch_planks":9,"minecraft:wheat_seeds":1,"minecraft:golden_helmet":2,"minecraft:cobblestone":50,"immersive_weathering:ash_layer_block":2,"hardcore_torches:lit_torch":2,"minecraft:coal":5,"minecraft:red_mushroom":1,"minecraft:dirt":4,"hardcore_torches:unlit_torch":1,"minecraft:rose_bush":4,"minecraft:flowering_azalea":1,"minecraft:iron_pickaxe":1,"minecraft:stone_axe":2,"minecraft:stone_sword":3,"alexsmobs:animal_dictionary":1,"minecraft:raw_iron":5,"minecraft:rotten_flesh":2,"minecraft:iron_boots":1,"minecraft:oak_planks":34,"minecraft:azure_bluet":1,"minecraft:potato":10,"minecraft:chainmail_boots":2,"minecraft:oak_sapling":6,"minecraft:redstone_torch":1,"minecraft:wooden_pickaxe":3},"minecraft:broken":{"minecraft:stone_pickaxe":3},"minecraft:crafted":{"minecraft:oak_planks":172,"minecraft:furnace":3,"minecraft:glass":3,"minecraft:iron_boots":1,"minecraft:iron_axe":1,"minecraft:stone_pickaxe":6,"immersive_weathering:charred_planks":1,"minecraft:glass_bottle":3,"minecraft:crafting_table":2,"minecraft:spruce_planks":40,"minecraft:wooden_pickaxe":2,"minecraft:iron_helmet":2,"minecraft:iron_sword":1,"minecraft:birch_planks":20,"minecraft:stone_axe":2,"minecraft:oak_boat":1,"minecraft:iron_chestplate":1,"hardcore_torches:lit_torch":16,"minecraft:stick":40,"minecraft:iron_pickaxe":2,"minecraft:iron_ingot":2,"minecraft:stone_sword":2},"minecraft:killed_by":{"endofherobrine:cow":2,"minecraft:player":7,"goat_man:goat_man":1,"minecraft:drowned":1,"goatman:goatman":1,"cartoon_dweller:cartoon_dweller":3,"siren_head:siren_head":1,"minecraft:vindicator":1,"man:managgresive":1,"simon_12:simon_12":2,"minecraft:skeleton":1,"minecraft:zombie":1,"endofherobrine:pigman":1},"minecraft:custom":{"minecraft:mob_kills":46,"minecraft:interact_with_crafting_table":25,"minecraft:leave_game":1,"minecraft:time_since_death":7520,"minecraft:climb_one_cm":240,"minecraft:sprint_one_cm":296733,"minecraft:walk_one_cm":740193,"minecraft:drop":53,"minecraft:talked_to_villager":6,"minecraft:play_time":215474,"minecraft:deaths":23,"minecraft:sneak_time":33664,"minecraft:walk_under_water_one_cm":33846,"minecraft:boat_one_cm":2476,"minecraft:jump":2783,"minecraft:walk_on_water_one_cm":58382,"minecraft:total_world_time":215474,"minecraft:interact_with_furnace":18,"minecraft:sleep_in_bed":4,"minecraft:time_since_rest":7604,"minecraft:damage_taken":6635,"minecraft:damage_dealt":6796,"minecraft:swim_one_cm":3755,"minecraft:fly_one_cm":326395,"minecraft:player_kills":5,"minecraft:open_chest":23,"minecraft:crouch_one_cm":101020,"minecraft:fall_one_cm":55673}},"DataVersion":3120}