{"stats":{"minecraft:picked_up":{"biomesoplenty:redwood_log":21,"minecraft:crafting_table":8,"minecraft:charcoal":2,"minecraft:coarse_dirt":1,"minecraft:yellow_wool":11,"minecraft:gold_block":2,"minecraft:beef":9,"hardcore_torches:unlit_torch":3,"minecraft:oak_boat":3,"minecraft:rose_bush":5,"minecraft:redstone_torch":4,"minecraft:azalea":2,"minecraft:light_gray_wool":2,"minecraft:iron_pickaxe":1,"minecraft:birch_sapling":1,"minecraft:furnace":5,"minecraft:stick":18,"minecraft:raw_iron":9,"minecraft:porkchop":3,"hardcore_torches:lit_torch":2,"minecraft:mutton":13,"biomesoplenty:lavender":1,"alexsmobs:flying_fish":2,"minecraft:white_wool":33,"minecraft:cobblestone":342,"minecraft:birch_log":5,"minecraft:iron_door":3,"minecraft:andesite":1,"minecraft:leather":6,"minecraft:red_mushroom":1,"minecraft:oak_log":28,"minecraft:lapis_lazuli":37,"minecraft:dirt":63,"hardcore_torches:smoldering_torch":1,"minecraft:apple":1,"minecraft:wheat_seeds":2,"minecraft:iron_ingot":2,"minecraft:oak_planks":24,"minecraft:flowering_azalea":1,"minecraft:mossy_stone_brick_stairs":1,"minecraft:sand":16,"minecraft:blast_furnace":1,"biomesoplenty:flowering_oak_sapling":3,"minecraft:oak_sapling":9,"minecraft:coal":71,"hardcore_torches:animal_fat":12},"minecraft:killed":{"alexsmobs:flying_fish":1,"minecraft:pig":1,"minecraft:sheep":7,"endofherobrine:sheep":15,"minecraft:cow":6},"minecraft:used":{"minecraft:azalea":2,"hardcore_torches:smoldering_torch":3,"minecraft:rose_bush":1,"minecraft:stone_sword":80,"immersive_weathering:charred_planks":1,"hardcore_torches:unlit_torch":6,"minecraft:dirt":53,"biomesoplenty:redwood_log":2,"minecraft:birch_sapling":1,"minecraft:iron_helmet":2,"minecraft:iron_boots":1,"minecraft:light_gray_wool":2,"hardcore_torches:lit_torch":8,"minecraft:furnace":3,"minecraft:oak_sapling":8,"minecraft:golden_boots":2,"minecraft:glass_bottle":7,"minecraft:stone_pickaxe":427,"minecraft:wooden_pickaxe":35,"minecraft:mossy_stone_brick_stairs":1,"biomesoplenty:lavender":1,"biomesoplenty:flowering_oak_sapling":3,"minecraft:sand":5,"minecraft:crafting_table":6,"minecraft:redstone_torch":3,"minecraft:bread":1,"minecraft:iron_pickaxe":10,"minecraft:iron_door":3,"minecraft:stone_axe":83,"minecraft:cobblestone":37,"minecraft:potion":4,"minecraft:andesite":1,"minecraft:oak_boat":3,"minecraft:coarse_dirt":1},"minecraft:mined":{"minecraft:dark_oak_leaves":1,"immersive_weathering:biomesoplenty/flowering_oak_leaf_pile":5,"minecraft:sea_lantern":1,"immersive_weathering:birch_leaf_pile":2,"minecraft:grass_block":15,"biomesoplenty:flowering_oak_leaves":1,"hardcore_torches:lit_wall_torch":2,"minecraft:furnace":5,"immersive_weathering:mossy_stone":1,"minecraft:iron_ore":2,"minecraft:fire":4,"biomesoplenty:lavender":1,"minecraft:andesite":1,"treechop:chopped_log":3,"immersive_weathering:charred_planks":1,"minecraft:gold_block":2,"minecraft:mossy_stone_brick_stairs":1,"biomesoplenty:redwood_log":23,"minecraft:stone":359,"minecraft:white_wool":30,"immersive_weathering:oak_leaf_pile":9,"minecraft:podzol":4,"minecraft:stone_brick_slab":1,"minecraft:crafting_table":8,"minecraft:blast_furnace":1,"minecraft:cobblestone":5,"minecraft:tall_grass":1,"biomesoplenty:sprout":6,"minecraft:lapis_ore":5,"endofherobrine:mossy_stone_bricks":4,"minecraft:iron_door":2,"minecraft:seagrass":1,"minecraft:coarse_dirt":1,"minecraft:yellow_wool":11,"minecraft:birch_log":4,"minecraft:redstone_torch":2,"minecraft:birch_leaves":6,"minecraft:light_gray_wool":2,"hardcore_torches:lit_torch":3,"minecraft:grass":13,"minecraft:coal_ore":58,"minecraft:oak_log":25,"minecraft:dirt":48,"minecraft:sand":8,"minecraft:cobweb":1,"minecraft:cracked_stone_bricks":3,"minecraft:oak_leaves":11},"minecraft:dropped":{"minecraft:bread":2,"minecraft:birch_planks":9,"minecraft:wheat_seeds":1,"minecraft:cobblestone":50,"hardcore_torches:lit_torch":2,"minecraft:coal":5,"minecraft:red_mushroom":1,"minecraft:dirt":2,"hardcore_torches:unlit_torch":1,"minecraft:rose_bush":4,"minecraft:flowering_azalea":1,"minecraft:iron_pickaxe":1,"alexsmobs:animal_dictionary":1,"minecraft:raw_iron":5,"minecraft:oak_planks":21,"minecraft:oak_sapling":1,"minecraft:redstone_torch":1,"minecraft:wooden_pickaxe":1},"minecraft:broken":{"minecraft:stone_pickaxe":3},"minecraft:crafted":{"minecraft:oak_planks":92,"minecraft:furnace":3,"minecraft:glass":3,"minecraft:iron_boots":1,"minecraft:stone_pickaxe":6,"immersive_weathering:charred_planks":1,"minecraft:glass_bottle":3,"minecraft:crafting_table":2,"minecraft:wooden_pickaxe":2,"minecraft:iron_helmet":2,"minecraft:birch_planks":20,"minecraft:stone_axe":2,"minecraft:oak_boat":1,"hardcore_torches:lit_torch":16,"minecraft:stick":36,"minecraft:iron_ingot":2,"minecraft:iron_pickaxe":1,"minecraft:stone_sword":2},"minecraft:killed_by":{"minecraft:player":6,"goat_man:goat_man":1,"minecraft:drowned":1,"cartoon_dweller:cartoon_dweller":3,"siren_head:siren_head":1,"man:managgresive":1,"simon_12:simon_12":2,"minecraft:skeleton":1,"minecraft:zombie":1},"minecraft:custom":{"minecraft:mob_kills":30,"minecraft:interact_with_crafting_table":22,"minecraft:time_since_death":12626,"minecraft:climb_one_cm":240,"minecraft:sprint_one_cm":207563,"minecraft:walk_one_cm":515747,"minecraft:drop":27,"minecraft:talked_to_villager":1,"minecraft:play_time":167692,"minecraft:deaths":17,"minecraft:sneak_time":26609,"minecraft:walk_under_water_one_cm":28112,"minecraft:boat_one_cm":784,"minecraft:jump":2056,"minecraft:walk_on_water_one_cm":51458,"minecraft:total_world_time":167692,"minecraft:interact_with_furnace":17,"minecraft:time_since_rest":12663,"minecraft:damage_taken":4841,"minecraft:damage_dealt":2991,"minecraft:player_kills":4,"minecraft:swim_one_cm":3755,"minecraft:fly_one_cm":214250,"minecraft:open_chest":11,"minecraft:crouch_one_cm":74989,"minecraft:fall_one_cm":41438}},"DataVersion":3120}