{"stats":{"minecraft:picked_up":{"biomesoplenty:redwood_log":21,"minecraft:charcoal":2,"minecraft:crafting_table":4,"minecraft:oak_log":12,"minecraft:lapis_lazuli":37,"minecraft:dirt":37,"minecraft:apple":1,"minecraft:wheat_seeds":1,"minecraft:iron_ingot":2,"minecraft:beef":2,"minecraft:rose_bush":4,"minecraft:redstone_torch":3,"minecraft:azalea":2,"minecraft:birch_sapling":1,"minecraft:flowering_azalea":1,"minecraft:furnace":3,"minecraft:stick":7,"minecraft:raw_iron":2,"minecraft:sand":8,"minecraft:porkchop":3,"hardcore_torches:lit_torch":2,"minecraft:blast_furnace":1,"minecraft:oak_sapling":1,"minecraft:mutton":4,"hardcore_torches:animal_fat":4,"minecraft:coal":71,"minecraft:white_wool":2,"alexsmobs:flying_fish":1,"minecraft:cobblestone":326,"minecraft:birch_log":5},"minecraft:killed":{"minecraft:pig":1,"minecraft:sheep":2,"alexsmobs:flying_fish":1,"minecraft:cow":2},"minecraft:used":{"minecraft:azalea":2,"hardcore_torches:smoldering_torch":2,"minecraft:stone_sword":19,"minecraft:stone_pickaxe":418,"minecraft:wooden_pickaxe":19,"hardcore_torches:unlit_torch":3,"minecraft:sand":5,"minecraft:dirt":36,"minecraft:crafting_table":4,"biomesoplenty:redwood_log":2,"minecraft:redstone_torch":2,"minecraft:bread":1,"minecraft:birch_sapling":1,"minecraft:stone_axe":47,"hardcore_torches:lit_torch":5,"minecraft:cobblestone":5,"minecraft:furnace":3,"minecraft:golden_boots":1},"minecraft:dropped":{"minecraft:birch_planks":9,"minecraft:wheat_seeds":1,"minecraft:coal":5,"hardcore_torches:lit_torch":2,"minecraft:dirt":1,"hardcore_torches:unlit_torch":1,"minecraft:oak_sapling":1,"minecraft:redstone_torch":1,"minecraft:flowering_azalea":1},"minecraft:mined":{"minecraft:podzol":3,"minecraft:dark_oak_leaves":1,"minecraft:crafting_table":4,"immersive_weathering:birch_leaf_pile":2,"minecraft:blast_furnace":1,"minecraft:grass_block":12,"minecraft:cobblestone":1,"minecraft:lapis_ore":5,"endofherobrine:mossy_stone_bricks":4,"hardcore_torches:lit_wall_torch":1,"minecraft:furnace":3,"minecraft:iron_ore":2,"minecraft:fire":1,"minecraft:redstone_torch":2,"minecraft:birch_log":4,"immersive_weathering:mossy_stone":1,"minecraft:birch_leaves":6,"treechop:chopped_log":3,"hardcore_torches:lit_torch":2,"minecraft:grass":1,"minecraft:oak_log":9,"minecraft:coal_ore":58,"biomesoplenty:redwood_log":23,"minecraft:sand":2,"minecraft:dirt":26,"minecraft:cobweb":1,"minecraft:cracked_stone_bricks":3,"minecraft:stone":349},"minecraft:crafted":{"minecraft:oak_planks":48,"minecraft:crafting_table":1,"minecraft:wooden_pickaxe":1,"minecraft:furnace":3,"minecraft:birch_planks":20,"minecraft:stone_axe":1,"hardcore_torches:lit_torch":11,"minecraft:stick":24,"minecraft:stone_pickaxe":5,"minecraft:stone_sword":1},"minecraft:broken":{"minecraft:stone_pickaxe":3},"minecraft:killed_by":{"minecraft:player":2,"simon_12:simon_12":1,"minecraft:drowned":1,"cartoon_dweller:cartoon_dweller":2,"siren_head:siren_head":1},"minecraft:custom":{"minecraft:interact_with_furnace":5,"minecraft:mob_kills":8,"minecraft:interact_with_crafting_table":9,"minecraft:time_since_death":18351,"minecraft:climb_one_cm":240,"minecraft:time_since_rest":18382,"minecraft:sprint_one_cm":120069,"minecraft:damage_taken":2240,"minecraft:walk_one_cm":259963,"minecraft:drop":10,"minecraft:damage_dealt":799,"minecraft:talked_to_villager":1,"minecraft:swim_one_cm":2062,"minecraft:fly_one_cm":103493,"minecraft:player_kills":1,"minecraft:open_chest":4,"minecraft:crouch_one_cm":40017,"minecraft:play_time":95692,"minecraft:deaths":7,"minecraft:sneak_time":15702,"minecraft:walk_under_water_one_cm":11115,"minecraft:jump":1071,"minecraft:walk_on_water_one_cm":30770,"minecraft:total_world_time":95692,"minecraft:fall_one_cm":16954}},"DataVersion":3120}