{"stats":{"minecraft:dropped":{"minecraft:birch_planks":9,"minecraft:wheat_seeds":1,"hardcore_torches:unlit_torch":1,"minecraft:flowering_azalea":1,"minecraft:coal":5,"hardcore_torches:lit_torch":1},"minecraft:used":{"minecraft:redstone_torch":1,"minecraft:azalea":2,"minecraft:stone_sword":14,"minecraft:stone_pickaxe":107,"minecraft:birch_sapling":1,"minecraft:wooden_pickaxe":19,"minecraft:stone_axe":36,"minecraft:dirt":9,"hardcore_torches:lit_torch":1,"minecraft:crafting_table":1,"biomesoplenty:redwood_log":2},"minecraft:crafted":{"hardcore_torches:lit_torch":4,"minecraft:stick":8,"minecraft:wooden_pickaxe":1,"minecraft:stone_pickaxe":1,"minecraft:stone_sword":1,"minecraft:birch_planks":20,"minecraft:stone_axe":1},"minecraft:killed":{"minecraft:sheep":2,"minecraft:pig":1,"alexsmobs:flying_fish":1,"minecraft:cow":2},"minecraft:custom":{"minecraft:time_since_rest":2448,"minecraft:interact_with_furnace":3,"minecraft:sprint_one_cm":52419,"minecraft:damage_taken":713,"minecraft:walk_one_cm":118417,"minecraft:mob_kills":7,"minecraft:drop":6,"minecraft:damage_dealt":532,"minecraft:swim_one_cm":2062,"minecraft:interact_with_crafting_table":6,"minecraft:fly_one_cm":44372,"minecraft:crouch_one_cm":14688,"minecraft:play_time":43652,"minecraft:deaths":3,"minecraft:sneak_time":5839,"minecraft:walk_under_water_one_cm":3465,"minecraft:jump":424,"minecraft:time_since_death":2397,"minecraft:walk_on_water_one_cm":8358,"minecraft:total_world_time":43652,"minecraft:fall_one_cm":6561},"minecraft:killed_by":{"minecraft:player":1,"simon_12:simon_12":1,"cartoon_dweller:cartoon_dweller":1},"minecraft:mined":{"immersive_weathering:mossy_stone":1,"minecraft:redstone_torch":1,"minecraft:birch_log":4,"minecraft:fire":1,"minecraft:birch_leaves":6,"treechop:chopped_log":3,"minecraft:crafting_table":1,"hardcore_torches:lit_torch":1,"immersive_weathering:birch_leaf_pile":2,"minecraft:grass":1,"minecraft:coal_ore":9,"minecraft:grass_block":7,"minecraft:oak_log":3,"biomesoplenty:redwood_log":23,"minecraft:dirt":4,"minecraft:cobweb":1,"minecraft:cobblestone":1,"minecraft:cracked_stone_bricks":3,"minecraft:podzol":3,"minecraft:stone":101,"endofherobrine:mossy_stone_bricks":4},"minecraft:picked_up":{"minecraft:birch_log":5,"minecraft:charcoal":2,"minecraft:stick":5,"minecraft:crafting_table":1,"minecraft:porkchop":3,"hardcore_torches:lit_torch":1,"minecraft:oak_log":8,"minecraft:dirt":9,"minecraft:wheat_seeds":1,"minecraft:beef":2,"minecraft:redstone_torch":1,"minecraft:azalea":2,"alexsmobs:flying_fish":1,"minecraft:coal":9,"minecraft:birch_sapling":1,"minecraft:mutton":4,"hardcore_torches:animal_fat":4,"minecraft:flowering_azalea":1,"minecraft:white_wool":2,"minecraft:cobblestone":100,"biomesoplenty:redwood_log":21}},"DataVersion":3120}