{"stats":{"minecraft:picked_up":{"biomesoplenty:redwood_log":21,"minecraft:coarse_dirt":1,"minecraft:charcoal":2,"minecraft:crafting_table":6,"minecraft:iron_door":3,"minecraft:andesite":1,"minecraft:yellow_wool":11,"minecraft:leather":4,"minecraft:red_mushroom":1,"minecraft:gold_block":2,"minecraft:oak_log":19,"minecraft:lapis_lazuli":37,"minecraft:dirt":61,"hardcore_torches:smoldering_torch":1,"minecraft:apple":1,"minecraft:wheat_seeds":2,"minecraft:iron_ingot":2,"minecraft:beef":6,"hardcore_torches:unlit_torch":3,"minecraft:rose_bush":4,"minecraft:redstone_torch":3,"minecraft:azalea":2,"minecraft:iron_pickaxe":1,"minecraft:birch_sapling":1,"minecraft:oak_planks":21,"minecraft:flowering_azalea":1,"minecraft:mossy_stone_brick_stairs":1,"minecraft:furnace":4,"minecraft:stick":11,"minecraft:raw_iron":2,"minecraft:sand":8,"minecraft:porkchop":3,"hardcore_torches:lit_torch":2,"minecraft:blast_furnace":1,"biomesoplenty:flowering_oak_sapling":3,"minecraft:oak_sapling":6,"minecraft:mutton":4,"hardcore_torches:animal_fat":6,"minecraft:coal":71,"minecraft:white_wool":26,"alexsmobs:flying_fish":1,"minecraft:cobblestone":330,"minecraft:birch_log":5},"minecraft:killed":{"minecraft:pig":1,"minecraft:sheep":2,"alexsmobs:flying_fish":1,"minecraft:cow":4},"minecraft:used":{"minecraft:azalea":2,"hardcore_torches:smoldering_torch":3,"minecraft:stone_sword":44,"minecraft:glass_bottle":7,"minecraft:stone_pickaxe":425,"minecraft:mossy_stone_brick_stairs":1,"minecraft:wooden_pickaxe":19,"hardcore_torches:unlit_torch":6,"minecraft:sand":5,"minecraft:dirt":52,"minecraft:crafting_table":5,"biomesoplenty:redwood_log":2,"minecraft:redstone_torch":2,"minecraft:iron_pickaxe":10,"minecraft:bread":1,"minecraft:birch_sapling":1,"minecraft:iron_helmet":1,"minecraft:iron_door":3,"minecraft:stone_axe":49,"hardcore_torches:lit_torch":8,"minecraft:cobblestone":37,"minecraft:potion":4,"minecraft:oak_sapling":1,"minecraft:furnace":3,"minecraft:andesite":1,"minecraft:coarse_dirt":1,"minecraft:golden_boots":2},"minecraft:dropped":{"minecraft:bread":2,"minecraft:birch_planks":9,"minecraft:wheat_seeds":1,"alexsmobs:animal_dictionary":1,"minecraft:cobblestone":49,"minecraft:oak_planks":21,"minecraft:coal":5,"hardcore_torches:lit_torch":2,"minecraft:red_mushroom":1,"minecraft:dirt":1,"minecraft:rose_bush":4,"hardcore_torches:unlit_torch":1,"minecraft:oak_sapling":1,"minecraft:redstone_torch":1,"minecraft:flowering_azalea":1,"minecraft:wooden_pickaxe":1,"minecraft:iron_pickaxe":1},"minecraft:mined":{"minecraft:podzol":4,"immersive_weathering:biomesoplenty/flowering_oak_leaf_pile":4,"minecraft:dark_oak_leaves":1,"minecraft:stone_brick_slab":1,"minecraft:sea_lantern":1,"minecraft:crafting_table":6,"immersive_weathering:birch_leaf_pile":2,"minecraft:blast_furnace":1,"minecraft:grass_block":15,"minecraft:tall_grass":1,"minecraft:cobblestone":5,"biomesoplenty:sprout":6,"minecraft:lapis_ore":5,"endofherobrine:mossy_stone_bricks":4,"hardcore_torches:lit_wall_torch":2,"minecraft:iron_door":2,"minecraft:seagrass":1,"minecraft:coarse_dirt":1,"minecraft:furnace":4,"minecraft:yellow_wool":11,"minecraft:iron_ore":2,"minecraft:fire":2,"minecraft:redstone_torch":2,"minecraft:birch_log":4,"immersive_weathering:mossy_stone":1,"minecraft:andesite":1,"minecraft:birch_leaves":6,"treechop:chopped_log":3,"minecraft:gold_block":2,"hardcore_torches:lit_torch":3,"minecraft:grass":11,"minecraft:mossy_stone_brick_stairs":1,"minecraft:oak_log":16,"minecraft:coal_ore":58,"biomesoplenty:redwood_log":23,"minecraft:sand":2,"minecraft:dirt":47,"minecraft:cobweb":1,"minecraft:cracked_stone_bricks":3,"minecraft:stone":349,"minecraft:oak_leaves":1,"immersive_weathering:oak_leaf_pile":8,"minecraft:white_wool":23},"minecraft:crafted":{"minecraft:glass_bottle":3,"minecraft:oak_planks":88,"minecraft:crafting_table":1,"minecraft:wooden_pickaxe":1,"minecraft:iron_helmet":1,"minecraft:furnace":3,"minecraft:birch_planks":20,"minecraft:stone_axe":1,"minecraft:glass":3,"hardcore_torches:lit_torch":16,"minecraft:stick":24,"minecraft:iron_pickaxe":1,"minecraft:stone_pickaxe":5,"minecraft:stone_sword":1},"minecraft:broken":{"minecraft:stone_pickaxe":3},"minecraft:killed_by":{"man:managgresive":1,"minecraft:player":4,"simon_12:simon_12":1,"minecraft:skeleton":1,"minecraft:zombie":1,"goat_man:goat_man":1,"minecraft:drowned":1,"cartoon_dweller:cartoon_dweller":3,"siren_head:siren_head":1},"minecraft:custom":{"minecraft:interact_with_furnace":7,"minecraft:mob_kills":10,"minecraft:interact_with_crafting_table":14,"minecraft:time_since_death":5387,"minecraft:climb_one_cm":240,"minecraft:time_since_rest":5422,"minecraft:sprint_one_cm":188218,"minecraft:damage_taken":4156,"minecraft:walk_one_cm":461211,"minecraft:drop":20,"minecraft:damage_dealt":1215,"minecraft:talked_to_villager":1,"minecraft:swim_one_cm":3545,"minecraft:fly_one_cm":191146,"minecraft:player_kills":1,"minecraft:open_chest":8,"minecraft:crouch_one_cm":60322,"minecraft:play_time":143692,"minecraft:deaths":14,"minecraft:sneak_time":22709,"minecraft:walk_under_water_one_cm":22060,"minecraft:jump":1791,"minecraft:walk_on_water_one_cm":37492,"minecraft:total_world_time":143692,"minecraft:fall_one_cm":36212}},"DataVersion":3120}