{"stats":{"minecraft:picked_up":{"biomesoplenty:redwood_log":21,"minecraft:charcoal":6,"minecraft:crafting_table":11,"minecraft:coarse_dirt":1,"minecraft:azure_bluet":3,"minecraft:wooden_pickaxe":1,"minecraft:chainmail_boots":2,"minecraft:yellow_wool":14,"minecraft:gold_block":2,"immersive_weathering:ash_layer_block":6,"minecraft:string":3,"minecraft:raw_copper":5,"minecraft:spruce_planks":3,"minecraft:beef":13,"minecraft:cobblestone_slab":1,"hardcore_torches:unlit_torch":3,"minecraft:oak_boat":4,"minecraft:rose_bush":5,"minecraft:redstone_torch":4,"minecraft:azalea":2,"minecraft:poppy":1,"minecraft:iron_pickaxe":1,"minecraft:light_gray_wool":2,"minecraft:birch_sapling":1,"minecraft:furnace":6,"minecraft:dark_oak_sapling":2,"minecraft:golden_helmet":1,"minecraft:stick":47,"minecraft:raw_iron":21,"minecraft:oak_door":2,"minecraft:porkchop":10,"hardcore_torches:lit_torch":2,"minecraft:arrow":10,"minecraft:stone_sword":2,"minecraft:rotten_flesh":12,"minecraft:hay_block":38,"minecraft:mutton":15,"minecraft:birch_log":5,"minecraft:white_wool":37,"alexsmobs:flying_fish":2,"minecraft:cobblestone":438,"biomesoplenty:lavender":1,"minecraft:leather_chestplate":1,"minecraft:iron_door":3,"minecraft:andesite":1,"minecraft:leather":9,"minecraft:red_mushroom":1,"minecraft:potato":10,"minecraft:oak_log":76,"minecraft:golden_boots":1,"immersive_weathering:charred_planks":2,"minecraft:lapis_lazuli":37,"minecraft:dirt":66,"hardcore_torches:smoldering_torch":1,"minecraft:bone":4,"minecraft:apple":5,"minecraft:wheat_seeds":2,"minecraft:stone_pickaxe":2,"minecraft:iron_ingot":15,"minecraft:glass_bottle":2,"minecraft:oak_planks":25,"minecraft:flowering_azalea":1,"minecraft:mossy_stone_brick_stairs":1,"minecraft:sand":29,"minecraft:dark_oak_log":10,"minecraft:spruce_sapling":3,"minecraft:blast_furnace":1,"minecraft:white_bed":2,"minecraft:spruce_log":11,"biomesoplenty:flowering_oak_sapling":3,"minecraft:stone_axe":1,"minecraft:oak_sapling":35,"hardcore_torches:animal_fat":19,"minecraft:coal":87},"minecraft:killed":{"minecraft:spider":1,"minecraft:skeleton":4,"alexsmobs:flying_fish":1,"minecraft:pig":5,"endofherobrine:villager":1,"alexsmobs:seal":1,"minecraft:iron_golem":1,"minecraft:sheep":8,"minecraft:pillager":2,"minecraft:zombie":5,"endofherobrine:cow":2,"endofherobrine:sheep":15,"endofherobrine:pigman":1,"minecraft:cow":8},"minecraft:used":{"minecraft:azalea":2,"hardcore_torches:smoldering_torch":3,"minecraft:rose_bush":1,"minecraft:stone_sword":155,"immersive_weathering:charred_planks":1,"minecraft:poppy":1,"minecraft:chest":2,"minecraft:spruce_planks":22,"minecraft:iron_sword":92,"minecraft:iron_chestplate":1,"minecraft:oak_door":2,"hardcore_torches:unlit_torch":6,"minecraft:dirt":53,"minecraft:azure_bluet":1,"biomesoplenty:redwood_log":2,"minecraft:iron_axe":59,"minecraft:birch_sapling":1,"minecraft:iron_helmet":2,"minecraft:iron_boots":1,"minecraft:light_gray_wool":2,"hardcore_torches:lit_torch":13,"minecraft:oak_sapling":21,"minecraft:furnace":4,"minecraft:dark_oak_sapling":2,"minecraft:iron_leggings":1,"minecraft:golden_boots":2,"minecraft:glass_bottle":14,"minecraft:stone_pickaxe":428,"minecraft:oak_planks":31,"minecraft:wooden_pickaxe":35,"minecraft:mossy_stone_brick_stairs":1,"minecraft:cobblestone_slab":1,"biomesoplenty:lavender":1,"biomesoplenty:flowering_oak_sapling":3,"minecraft:sand":8,"minecraft:crafting_table":9,"minecraft:white_bed":2,"minecraft:spruce_log":1,"minecraft:redstone_torch":3,"minecraft:oak_log":6,"minecraft:apple":1,"minecraft:bread":3,"minecraft:iron_pickaxe":141,"minecraft:spruce_sapling":2,"minecraft:iron_door":3,"minecraft:stone_axe":163,"minecraft:cobblestone":51,"minecraft:potion":8,"minecraft:andesite":1,"minecraft:oak_boat":5,"minecraft:air":1,"minecraft:coarse_dirt":1},"minecraft:mined":{"minecraft:spruce_planks":3,"minecraft:oak_sapling":7,"minecraft:white_bed":1,"piglin_expansion:basaltic_blackstone":1,"immersive_weathering:biomesoplenty/flowering_oak_leaf_pile":5,"minecraft:dark_oak_leaves":1,"biomesoplenty:desert_grass":5,"minecraft:dark_oak_log":6,"minecraft:sea_lantern":1,"immersive_weathering:birch_leaf_pile":2,"biomesoplenty:bush":8,"minecraft:grass_block":16,"biomesoplenty:flowering_oak_leaves":1,"minecraft:spruce_leaves":2,"hardcore_torches:lit_wall_torch":3,"minecraft:hay_block":38,"minecraft:spruce_sapling":1,"minecraft:furnace":6,"minecraft:fire":29,"immersive_weathering:mossy_stone":1,"minecraft:iron_ore":13,"biomesoplenty:lavender":1,"minecraft:andesite":1,"treechop:chopped_log":18,"immersive_weathering:charred_planks":2,"minecraft:azure_bluet":1,"minecraft:gold_block":2,"biomesoplenty:sea_oats":2,"minecraft:mossy_stone_brick_stairs":1,"minecraft:deepslate_iron_ore":1,"minecraft:cobblestone_slab":1,"biomesoplenty:redwood_log":23,"minecraft:stone":455,"minecraft:white_wool":33,"immersive_weathering:oak_leaf_pile":40,"minecraft:podzol":4,"immersive_weathering:spruce_leaf_pile":8,"minecraft:stone_brick_slab":1,"minecraft:crafting_table":10,"minecraft:blast_furnace":1,"minecraft:campfire":2,"minecraft:copper_ore":1,"minecraft:tall_grass":1,"minecraft:cobblestone":7,"biomesoplenty:sprout":6,"minecraft:lapis_ore":5,"minecraft:oak_planks":2,"endofherobrine:mossy_stone_bricks":4,"minecraft:iron_door":2,"minecraft:seagrass":1,"minecraft:coarse_dirt":1,"minecraft:yellow_wool":14,"minecraft:birch_log":4,"minecraft:redstone_torch":2,"minecraft:spruce_log":5,"minecraft:birch_leaves":6,"minecraft:light_gray_wool":2,"hardcore_torches:lit_torch":5,"minecraft:grass":18,"minecraft:oak_log":69,"minecraft:coal_ore":74,"minecraft:sand":21,"minecraft:dirt":49,"minecraft:cobweb":5,"minecraft:cracked_stone_bricks":3,"immersive_weathering:dark_oak_leaf_pile":5,"minecraft:oak_leaves":38},"minecraft:dropped":{"minecraft:iron_ingot":4,"minecraft:bread":2,"minecraft:golden_boots":1,"minecraft:birch_planks":9,"minecraft:wheat_seeds":1,"minecraft:golden_helmet":2,"minecraft:cobblestone":50,"immersive_weathering:ash_layer_block":2,"hardcore_torches:lit_torch":2,"minecraft:coal":5,"minecraft:red_mushroom":1,"minecraft:dirt":5,"hardcore_torches:unlit_torch":1,"minecraft:rose_bush":4,"minecraft:flowering_azalea":1,"minecraft:iron_pickaxe":1,"minecraft:bone":4,"minecraft:spruce_sapling":1,"minecraft:stone_axe":2,"minecraft:stone_sword":3,"alexsmobs:animal_dictionary":1,"minecraft:raw_copper":5,"minecraft:raw_iron":5,"minecraft:rotten_flesh":2,"minecraft:iron_boots":1,"minecraft:oak_planks":34,"minecraft:azure_bluet":2,"minecraft:potato":10,"minecraft:chainmail_boots":2,"minecraft:oak_sapling":10,"minecraft:redstone_torch":1,"minecraft:stone_pickaxe":2,"minecraft:arrow":10,"minecraft:wooden_pickaxe":3},"minecraft:broken":{"minecraft:stone_pickaxe":3},"minecraft:crafted":{"minecraft:oak_planks":264,"minecraft:furnace":3,"minecraft:glass":9,"minecraft:iron_boots":1,"minecraft:iron_axe":1,"minecraft:stone_pickaxe":6,"minecraft:chest":2,"immersive_weathering:charred_planks":1,"minecraft:glass_bottle":9,"minecraft:crafting_table":3,"minecraft:spruce_planks":40,"minecraft:wooden_pickaxe":2,"minecraft:iron_helmet":2,"minecraft:iron_sword":1,"minecraft:birch_planks":20,"minecraft:stone_axe":2,"minecraft:oak_boat":1,"minecraft:iron_chestplate":1,"hardcore_torches:lit_torch":29,"minecraft:stick":40,"minecraft:iron_pickaxe":2,"minecraft:iron_ingot":2,"minecraft:stone_sword":2},"minecraft:killed_by":{"endofherobrine:cow":2,"minecraft:player":8,"goat_man:goat_man":1,"minecraft:drowned":1,"goatman:goatman":2,"steve_dweller:steve_dweller":1,"cartoon_dweller:cartoon_dweller":3,"mimicer:mimicer":1,"siren_head:siren_head":1,"minecraft:vindicator":1,"man:managgresive":1,"mimic_dweller:mimic_dweller":1,"simon_12:simon_12":2,"minecraft:skeleton":1,"minecraft:zombie":1,"endofherobrine:pigman":1},"minecraft:custom":{"minecraft:mob_kills":56,"minecraft:interact_with_crafting_table":31,"minecraft:leave_game":1,"minecraft:time_since_death":8508,"minecraft:climb_one_cm":240,"minecraft:sprint_one_cm":327988,"minecraft:walk_one_cm":846907,"minecraft:drop":77,"minecraft:talked_to_villager":6,"minecraft:play_time":251474,"minecraft:deaths":29,"minecraft:sneak_time":44474,"minecraft:walk_under_water_one_cm":33966,"minecraft:boat_one_cm":2476,"minecraft:jump":3197,"minecraft:walk_on_water_one_cm":58494,"minecraft:total_world_time":251474,"minecraft:interact_with_furnace":26,"minecraft:sleep_in_bed":5,"minecraft:time_since_rest":7468,"minecraft:damage_taken":8057,"minecraft:damage_dealt":10730,"minecraft:swim_one_cm":3755,"minecraft:fly_one_cm":363409,"minecraft:player_kills":6,"minecraft:open_chest":30,"minecraft:crouch_one_cm":133319,"minecraft:fall_one_cm":66350}},"DataVersion":3120}