{"stats":{"minecraft:picked_up":{"biomesoplenty:redwood_log":21,"minecraft:charcoal":2,"minecraft:crafting_table":3,"minecraft:oak_log":12,"minecraft:lapis_lazuli":37,"minecraft:dirt":37,"minecraft:apple":1,"minecraft:wheat_seeds":1,"minecraft:beef":2,"minecraft:rose_bush":4,"minecraft:redstone_torch":3,"minecraft:azalea":2,"minecraft:birch_sapling":1,"minecraft:flowering_azalea":1,"minecraft:stick":6,"minecraft:raw_iron":2,"minecraft:sand":6,"minecraft:porkchop":3,"hardcore_torches:lit_torch":2,"minecraft:oak_sapling":1,"minecraft:mutton":4,"hardcore_torches:animal_fat":4,"minecraft:coal":60,"minecraft:white_wool":2,"alexsmobs:flying_fish":1,"minecraft:cobblestone":325,"minecraft:birch_log":5},"minecraft:killed":{"minecraft:pig":1,"minecraft:sheep":2,"alexsmobs:flying_fish":1,"minecraft:cow":2},"minecraft:used":{"minecraft:azalea":2,"minecraft:stone_sword":17,"minecraft:stone_pickaxe":412,"minecraft:wooden_pickaxe":19,"hardcore_torches:unlit_torch":1,"minecraft:dirt":36,"minecraft:crafting_table":3,"biomesoplenty:redwood_log":2,"minecraft:redstone_torch":2,"minecraft:birch_sapling":1,"minecraft:stone_axe":46,"hardcore_torches:lit_torch":2,"minecraft:cobblestone":5},"minecraft:dropped":{"minecraft:birch_planks":9,"minecraft:wheat_seeds":1,"minecraft:coal":5,"hardcore_torches:lit_torch":2,"minecraft:dirt":1,"hardcore_torches:unlit_torch":1,"minecraft:oak_sapling":1,"minecraft:redstone_torch":1,"minecraft:flowering_azalea":1},"minecraft:mined":{"minecraft:podzol":3,"minecraft:dark_oak_leaves":1,"minecraft:crafting_table":3,"immersive_weathering:birch_leaf_pile":2,"minecraft:grass_block":12,"minecraft:cobblestone":1,"minecraft:lapis_ore":5,"endofherobrine:mossy_stone_bricks":4,"hardcore_torches:lit_wall_torch":1,"minecraft:iron_ore":2,"minecraft:fire":1,"minecraft:redstone_torch":2,"minecraft:birch_log":4,"immersive_weathering:mossy_stone":1,"minecraft:birch_leaves":6,"treechop:chopped_log":3,"hardcore_torches:lit_torch":1,"minecraft:grass":1,"minecraft:oak_log":9,"minecraft:coal_ore":58,"biomesoplenty:redwood_log":23,"minecraft:dirt":26,"minecraft:cobweb":1,"minecraft:cracked_stone_bricks":3,"minecraft:stone":348},"minecraft:crafted":{"minecraft:oak_planks":48,"minecraft:crafting_table":1,"minecraft:wooden_pickaxe":1,"minecraft:birch_planks":20,"minecraft:stone_axe":1,"hardcore_torches:lit_torch":7,"minecraft:stick":24,"minecraft:stone_pickaxe":5,"minecraft:stone_sword":1},"minecraft:broken":{"minecraft:stone_pickaxe":3},"minecraft:killed_by":{"minecraft:player":2,"simon_12:simon_12":1,"minecraft:drowned":1,"cartoon_dweller:cartoon_dweller":2,"siren_head:siren_head":1},"minecraft:custom":{"minecraft:interact_with_furnace":3,"minecraft:mob_kills":7,"minecraft:interact_with_crafting_table":8,"minecraft:time_since_death":6351,"minecraft:climb_one_cm":240,"minecraft:time_since_rest":6382,"minecraft:sprint_one_cm":98966,"minecraft:damage_taken":2056,"minecraft:walk_one_cm":231676,"minecraft:drop":10,"minecraft:damage_dealt":674,"minecraft:swim_one_cm":2062,"minecraft:fly_one_cm":80430,"minecraft:player_kills":1,"minecraft:crouch_one_cm":31785,"minecraft:play_time":83692,"minecraft:deaths":7,"minecraft:sneak_time":13136,"minecraft:walk_under_water_one_cm":11115,"minecraft:jump":847,"minecraft:walk_on_water_one_cm":30673,"minecraft:total_world_time":83692,"minecraft:fall_one_cm":12693}},"DataVersion":3120}