{"stats":{"minecraft:picked_up":{"biomesoplenty:redwood_log":21,"minecraft:crafting_table":7,"minecraft:charcoal":2,"minecraft:coarse_dirt":1,"minecraft:yellow_wool":11,"minecraft:gold_block":2,"minecraft:beef":6,"hardcore_torches:unlit_torch":3,"minecraft:oak_boat":1,"minecraft:rose_bush":5,"minecraft:redstone_torch":4,"minecraft:azalea":2,"minecraft:iron_pickaxe":1,"minecraft:birch_sapling":1,"minecraft:furnace":4,"minecraft:stick":13,"minecraft:raw_iron":9,"minecraft:porkchop":3,"hardcore_torches:lit_torch":2,"minecraft:mutton":4,"alexsmobs:flying_fish":2,"minecraft:white_wool":26,"minecraft:cobblestone":342,"minecraft:birch_log":5,"minecraft:iron_door":3,"minecraft:andesite":1,"minecraft:leather":4,"minecraft:red_mushroom":1,"minecraft:oak_log":19,"minecraft:lapis_lazuli":37,"minecraft:dirt":63,"hardcore_torches:smoldering_torch":1,"minecraft:apple":1,"minecraft:wheat_seeds":2,"minecraft:iron_ingot":2,"minecraft:oak_planks":21,"minecraft:flowering_azalea":1,"minecraft:mossy_stone_brick_stairs":1,"minecraft:sand":16,"minecraft:blast_furnace":1,"biomesoplenty:flowering_oak_sapling":3,"minecraft:oak_sapling":6,"minecraft:coal":71,"hardcore_torches:animal_fat":6},"minecraft:killed":{"alexsmobs:flying_fish":1,"minecraft:pig":1,"minecraft:sheep":2,"endofherobrine:sheep":15,"minecraft:cow":4},"minecraft:used":{"minecraft:azalea":2,"hardcore_torches:smoldering_torch":3,"minecraft:rose_bush":1,"minecraft:stone_sword":74,"immersive_weathering:charred_planks":1,"hardcore_torches:unlit_torch":6,"minecraft:dirt":53,"biomesoplenty:redwood_log":2,"minecraft:birch_sapling":1,"minecraft:iron_helmet":1,"hardcore_torches:lit_torch":8,"minecraft:furnace":3,"minecraft:oak_sapling":5,"minecraft:golden_boots":2,"minecraft:glass_bottle":7,"minecraft:stone_pickaxe":425,"minecraft:wooden_pickaxe":35,"minecraft:mossy_stone_brick_stairs":1,"biomesoplenty:flowering_oak_sapling":3,"minecraft:sand":5,"minecraft:crafting_table":6,"minecraft:redstone_torch":2,"minecraft:bread":1,"minecraft:iron_pickaxe":10,"minecraft:iron_door":3,"minecraft:stone_axe":55,"minecraft:cobblestone":37,"minecraft:potion":4,"minecraft:andesite":1,"minecraft:oak_boat":1,"minecraft:coarse_dirt":1},"minecraft:mined":{"minecraft:dark_oak_leaves":1,"immersive_weathering:biomesoplenty/flowering_oak_leaf_pile":5,"minecraft:sea_lantern":1,"immersive_weathering:birch_leaf_pile":2,"minecraft:grass_block":15,"hardcore_torches:lit_wall_torch":2,"minecraft:furnace":4,"immersive_weathering:mossy_stone":1,"minecraft:iron_ore":2,"minecraft:fire":2,"minecraft:andesite":1,"treechop:chopped_log":3,"minecraft:gold_block":2,"minecraft:mossy_stone_brick_stairs":1,"biomesoplenty:redwood_log":23,"minecraft:stone":359,"minecraft:white_wool":23,"immersive_weathering:oak_leaf_pile":9,"minecraft:podzol":4,"minecraft:stone_brick_slab":1,"minecraft:crafting_table":7,"minecraft:blast_furnace":1,"minecraft:cobblestone":5,"minecraft:tall_grass":1,"biomesoplenty:sprout":6,"minecraft:lapis_ore":5,"endofherobrine:mossy_stone_bricks":4,"minecraft:iron_door":2,"minecraft:seagrass":1,"minecraft:coarse_dirt":1,"minecraft:yellow_wool":11,"minecraft:birch_log":4,"minecraft:redstone_torch":2,"minecraft:birch_leaves":6,"hardcore_torches:lit_torch":3,"minecraft:grass":13,"minecraft:coal_ore":58,"minecraft:oak_log":16,"minecraft:dirt":48,"minecraft:sand":8,"minecraft:cobweb":1,"minecraft:cracked_stone_bricks":3,"minecraft:oak_leaves":1},"minecraft:dropped":{"minecraft:bread":2,"minecraft:birch_planks":9,"minecraft:wheat_seeds":1,"minecraft:cobblestone":50,"hardcore_torches:lit_torch":2,"minecraft:coal":5,"minecraft:red_mushroom":1,"minecraft:dirt":2,"hardcore_torches:unlit_torch":1,"minecraft:rose_bush":4,"minecraft:flowering_azalea":1,"minecraft:iron_pickaxe":1,"alexsmobs:animal_dictionary":1,"minecraft:raw_iron":5,"minecraft:oak_planks":21,"minecraft:oak_sapling":1,"minecraft:redstone_torch":1,"minecraft:wooden_pickaxe":1},"minecraft:broken":{"minecraft:stone_pickaxe":3},"minecraft:crafted":{"minecraft:oak_planks":92,"minecraft:furnace":3,"minecraft:glass":3,"minecraft:stone_pickaxe":6,"immersive_weathering:charred_planks":1,"minecraft:glass_bottle":3,"minecraft:crafting_table":2,"minecraft:wooden_pickaxe":2,"minecraft:iron_helmet":1,"minecraft:birch_planks":20,"minecraft:stone_axe":2,"minecraft:oak_boat":1,"hardcore_torches:lit_torch":16,"minecraft:stick":36,"minecraft:iron_pickaxe":1,"minecraft:stone_sword":2},"minecraft:killed_by":{"minecraft:player":6,"goat_man:goat_man":1,"minecraft:drowned":1,"cartoon_dweller:cartoon_dweller":3,"siren_head:siren_head":1,"man:managgresive":1,"simon_12:simon_12":2,"minecraft:skeleton":1,"minecraft:zombie":1},"minecraft:custom":{"minecraft:mob_kills":23,"minecraft:interact_with_crafting_table":19,"minecraft:time_since_death":626,"minecraft:climb_one_cm":240,"minecraft:sprint_one_cm":194772,"minecraft:walk_one_cm":489008,"minecraft:drop":27,"minecraft:talked_to_villager":1,"minecraft:play_time":155692,"minecraft:deaths":17,"minecraft:sneak_time":23935,"minecraft:walk_under_water_one_cm":26165,"minecraft:boat_one_cm":360,"minecraft:jump":1902,"minecraft:walk_on_water_one_cm":48066,"minecraft:total_world_time":155692,"minecraft:interact_with_furnace":11,"minecraft:time_since_rest":663,"minecraft:damage_taken":4817,"minecraft:damage_dealt":2391,"minecraft:player_kills":4,"minecraft:swim_one_cm":3545,"minecraft:fly_one_cm":199317,"minecraft:open_chest":10,"minecraft:crouch_one_cm":65545,"minecraft:fall_one_cm":38392}},"DataVersion":3120}