{"stats":{"minecraft:picked_up":{"biomesoplenty:redwood_log":21,"minecraft:crafting_table":8,"minecraft:charcoal":2,"minecraft:coarse_dirt":1,"minecraft:chainmail_boots":2,"minecraft:yellow_wool":14,"minecraft:gold_block":2,"minecraft:beef":13,"hardcore_torches:unlit_torch":3,"minecraft:oak_boat":4,"minecraft:rose_bush":5,"minecraft:redstone_torch":4,"minecraft:azalea":2,"minecraft:light_gray_wool":2,"minecraft:iron_pickaxe":1,"minecraft:birch_sapling":1,"minecraft:furnace":5,"minecraft:golden_helmet":1,"minecraft:stick":28,"minecraft:raw_iron":9,"minecraft:porkchop":10,"hardcore_torches:lit_torch":2,"minecraft:rotten_flesh":4,"minecraft:hay_block":20,"minecraft:mutton":13,"biomesoplenty:lavender":1,"alexsmobs:flying_fish":2,"minecraft:white_wool":36,"minecraft:cobblestone":342,"minecraft:birch_log":5,"minecraft:iron_door":3,"minecraft:andesite":1,"minecraft:leather":9,"minecraft:red_mushroom":1,"minecraft:oak_log":40,"minecraft:golden_boots":1,"minecraft:lapis_lazuli":37,"minecraft:dirt":63,"hardcore_torches:smoldering_torch":1,"minecraft:apple":2,"minecraft:wheat_seeds":2,"minecraft:iron_ingot":5,"minecraft:oak_planks":24,"minecraft:flowering_azalea":1,"minecraft:mossy_stone_brick_stairs":1,"minecraft:sand":29,"minecraft:spruce_sapling":2,"minecraft:blast_furnace":1,"minecraft:spruce_log":11,"biomesoplenty:flowering_oak_sapling":3,"minecraft:oak_sapling":17,"minecraft:coal":71,"hardcore_torches:animal_fat":19},"minecraft:killed":{"alexsmobs:flying_fish":1,"minecraft:pig":5,"alexsmobs:seal":1,"minecraft:sheep":7,"minecraft:zombie":1,"endofherobrine:cow":2,"endofherobrine:sheep":15,"endofherobrine:pigman":1,"minecraft:cow":8},"minecraft:used":{"minecraft:azalea":2,"hardcore_torches:smoldering_torch":3,"minecraft:rose_bush":1,"minecraft:stone_sword":121,"immersive_weathering:charred_planks":1,"hardcore_torches:unlit_torch":6,"minecraft:dirt":53,"biomesoplenty:redwood_log":2,"minecraft:birch_sapling":1,"minecraft:iron_helmet":2,"minecraft:iron_boots":1,"minecraft:light_gray_wool":2,"hardcore_torches:lit_torch":8,"minecraft:furnace":3,"minecraft:oak_sapling":16,"minecraft:golden_boots":2,"minecraft:glass_bottle":7,"minecraft:stone_pickaxe":428,"minecraft:wooden_pickaxe":35,"minecraft:mossy_stone_brick_stairs":1,"biomesoplenty:lavender":1,"biomesoplenty:flowering_oak_sapling":3,"minecraft:sand":8,"minecraft:crafting_table":6,"minecraft:spruce_log":1,"minecraft:redstone_torch":3,"minecraft:oak_log":1,"minecraft:bread":1,"minecraft:iron_pickaxe":10,"minecraft:spruce_sapling":2,"minecraft:iron_door":3,"minecraft:stone_axe":146,"minecraft:cobblestone":37,"minecraft:potion":4,"minecraft:andesite":1,"minecraft:oak_boat":4,"minecraft:coarse_dirt":1},"minecraft:mined":{"piglin_expansion:basaltic_blackstone":1,"minecraft:dark_oak_leaves":1,"immersive_weathering:biomesoplenty/flowering_oak_leaf_pile":5,"minecraft:sea_lantern":1,"immersive_weathering:birch_leaf_pile":2,"minecraft:grass_block":15,"biomesoplenty:flowering_oak_leaves":1,"minecraft:spruce_leaves":2,"hardcore_torches:lit_wall_torch":3,"minecraft:hay_block":20,"minecraft:furnace":5,"immersive_weathering:mossy_stone":1,"minecraft:iron_ore":2,"minecraft:fire":6,"biomesoplenty:lavender":1,"minecraft:andesite":1,"treechop:chopped_log":12,"immersive_weathering:charred_planks":1,"minecraft:gold_block":2,"biomesoplenty:sea_oats":2,"minecraft:mossy_stone_brick_stairs":1,"biomesoplenty:redwood_log":23,"minecraft:stone":359,"minecraft:white_wool":33,"immersive_weathering:oak_leaf_pile":11,"minecraft:podzol":4,"immersive_weathering:spruce_leaf_pile":7,"minecraft:stone_brick_slab":1,"minecraft:crafting_table":8,"minecraft:blast_furnace":1,"minecraft:cobblestone":5,"minecraft:tall_grass":1,"biomesoplenty:sprout":6,"minecraft:lapis_ore":5,"endofherobrine:mossy_stone_bricks":4,"minecraft:iron_door":2,"minecraft:seagrass":1,"minecraft:coarse_dirt":1,"minecraft:yellow_wool":14,"minecraft:birch_log":4,"minecraft:redstone_torch":2,"minecraft:spruce_log":5,"minecraft:birch_leaves":6,"minecraft:light_gray_wool":2,"hardcore_torches:lit_torch":3,"minecraft:grass":15,"minecraft:coal_ore":58,"minecraft:oak_log":35,"minecraft:dirt":48,"minecraft:sand":21,"minecraft:cobweb":1,"minecraft:cracked_stone_bricks":3,"minecraft:oak_leaves":30},"minecraft:dropped":{"minecraft:golden_boots":1,"minecraft:bread":2,"minecraft:birch_planks":9,"minecraft:wheat_seeds":1,"minecraft:golden_helmet":2,"minecraft:cobblestone":50,"hardcore_torches:lit_torch":2,"minecraft:coal":5,"minecraft:red_mushroom":1,"minecraft:dirt":2,"hardcore_torches:unlit_torch":1,"minecraft:rose_bush":4,"minecraft:flowering_azalea":1,"minecraft:iron_pickaxe":1,"alexsmobs:animal_dictionary":1,"minecraft:raw_iron":5,"minecraft:rotten_flesh":2,"minecraft:oak_planks":34,"minecraft:chainmail_boots":2,"minecraft:oak_sapling":1,"minecraft:redstone_torch":1,"minecraft:wooden_pickaxe":1},"minecraft:broken":{"minecraft:stone_pickaxe":3},"minecraft:crafted":{"minecraft:oak_planks":140,"minecraft:furnace":3,"minecraft:glass":3,"minecraft:iron_boots":1,"minecraft:stone_pickaxe":6,"immersive_weathering:charred_planks":1,"minecraft:glass_bottle":3,"minecraft:crafting_table":2,"minecraft:wooden_pickaxe":2,"minecraft:iron_helmet":2,"minecraft:birch_planks":20,"minecraft:stone_axe":2,"minecraft:oak_boat":1,"hardcore_torches:lit_torch":16,"minecraft:stick":36,"minecraft:iron_ingot":2,"minecraft:iron_pickaxe":1,"minecraft:stone_sword":2},"minecraft:killed_by":{"endofherobrine:cow":2,"minecraft:player":6,"goat_man:goat_man":1,"goatman:goatman":1,"minecraft:drowned":1,"cartoon_dweller:cartoon_dweller":3,"siren_head:siren_head":1,"man:managgresive":1,"simon_12:simon_12":2,"minecraft:skeleton":1,"minecraft:zombie":1,"endofherobrine:pigman":1},"minecraft:custom":{"minecraft:mob_kills":41,"minecraft:interact_with_crafting_table":22,"minecraft:time_since_death":4771,"minecraft:climb_one_cm":240,"minecraft:sprint_one_cm":256412,"minecraft:walk_one_cm":643857,"minecraft:drop":34,"minecraft:talked_to_villager":5,"minecraft:play_time":191692,"minecraft:deaths":21,"minecraft:sneak_time":29141,"minecraft:walk_under_water_one_cm":30713,"minecraft:boat_one_cm":1092,"minecraft:jump":2504,"minecraft:walk_on_water_one_cm":57362,"minecraft:total_world_time":191692,"minecraft:interact_with_furnace":17,"minecraft:sleep_in_bed":3,"minecraft:time_since_rest":4809,"minecraft:damage_taken":5789,"minecraft:damage_dealt":4934,"minecraft:player_kills":5,"minecraft:swim_one_cm":3755,"minecraft:fly_one_cm":283036,"minecraft:open_chest":14,"minecraft:crouch_one_cm":84566,"minecraft:fall_one_cm":49678}},"DataVersion":3120}