{"stats":{"minecraft:picked_up":{"biomesoplenty:lavender":3,"minecraft:charcoal":2,"minecraft:magma_block":2,"minecraft:chicken":2,"minecraft:brown_wool":3,"minecraft:wooden_pickaxe":1,"minecraft:oak_log":21,"immersive_weathering:ash_layer_block":8,"minecraft:dirt":33,"minecraft:wooden_sword":1,"minecraft:apple":3,"minecraft:cracked_stone_bricks":1,"minecraft:wheat_seeds":1,"minecraft:spruce_planks":3,"minecraft:oak_boat":3,"minecraft:rose_bush":1,"minecraft:light_gray_wool":1,"minecraft:oak_planks":15,"minecraft:stick":4,"minecraft:oak_door":1,"hardcore_torches:lit_torch":1,"minecraft:sand":11,"minecraft:spruce_log":2,"minecraft:carrot":1,"minecraft:rotten_flesh":3,"minecraft:baked_potato":4,"minecraft:oak_sapling":9,"minecraft:white_wool":6,"minecraft:cobblestone":123},"minecraft:killed":{"endofherobrine:sheep":2},"minecraft:used":{"minecraft:golden_boots":1,"minecraft:flint_and_steel":16,"minecraft:spruce_slab":6,"minecraft:stone_pickaxe":7,"minecraft:oak_planks":5,"minecraft:cracked_stone_bricks":1,"minecraft:oak_door":1,"hardcore_torches:unlit_torch":2,"minecraft:dirt":10,"minecraft:carrot":1,"minecraft:golden_chestplate":1,"minecraft:spruce_log":2,"minecraft:apple":1,"minecraft:brown_wool":3,"immersive_weathering:enchanted_golden_moss_clump":1,"minecraft:golden_helmet":1,"minecraft:light_gray_wool":1,"minecraft:wooden_sword":1,"minecraft:magma_block":2,"minecraft:cobblestone":21,"minecraft:oak_sapling":6,"minecraft:oak_boat":2,"minecraft:potato":4},"minecraft:mined":{"minecraft:spruce_planks":3,"minecraft:white_bed":1,"biomesoplenty:desert_grass":6,"biomesoplenty:bush":2,"minecraft:grass_block":17,"minecraft:brown_wool":3,"minecraft:rose_bush":3,"minecraft:campfire":1,"minecraft:cobblestone":7,"biomesoplenty:sprout":8,"minecraft:oak_planks":1,"minecraft:fire":1,"biomesoplenty:lavender":3,"minecraft:birch_leaves":2,"minecraft:light_gray_wool":1,"treechop:chopped_log":8,"minecraft:grass":19,"minecraft:oak_log":13,"minecraft:sand":10,"minecraft:dirt":3,"minecraft:white_wool":4,"minecraft:oak_leaves":2,"immersive_weathering:oak_leaf_pile":1},"minecraft:dropped":{"minecraft:golden_boots":1,"biomesoplenty:lavender":3,"minecraft:rotten_flesh":3,"minecraft:oak_boat":1,"minecraft:oak_sapling":2},"minecraft:broken":{"minecraft:wooden_sword":1},"minecraft:crafted":{"minecraft:oak_planks":84,"minecraft:stone_axe":1,"minecraft:oak_boat":1,"hardcore_torches:lit_torch":2,"minecraft:stick":8,"minecraft:spruce_slab":6,"minecraft:stone_pickaxe":1},"minecraft:killed_by":{"man:managgresive":1,"cursed_sheep:cursed_sheep":1,"endofherobrine:cow":1,"minecraft:player":3,"minecraft:skeleton":2,"minecraft:zombie":2,"the_impersonator:the_impersonator":1,"goatman:goatman":1},"minecraft:custom":{"minecraft:interact_with_furnace":3,"minecraft:mob_kills":1,"minecraft:interact_with_crafting_table":3,"minecraft:interact_with_campfire":2,"minecraft:bell_ring":13,"minecraft:leave_game":4,"minecraft:time_since_death":10468,"minecraft:sleep_in_bed":3,"minecraft:time_since_rest":5499,"minecraft:sprint_one_cm":150851,"minecraft:damage_taken":3865,"minecraft:walk_one_cm":346453,"minecraft:drop":8,"minecraft:damage_dealt":754,"minecraft:talked_to_villager":14,"minecraft:swim_one_cm":13310,"minecraft:fly_one_cm":181967,"minecraft:player_kills":2,"minecraft:open_chest":12,"minecraft:crouch_one_cm":2884,"minecraft:play_time":100022,"minecraft:deaths":13,"minecraft:sneak_time":2041,"minecraft:walk_under_water_one_cm":9550,"minecraft:boat_one_cm":14049,"minecraft:jump":1147,"minecraft:walk_on_water_one_cm":21858,"minecraft:total_world_time":100022,"minecraft:fall_one_cm":27977}},"DataVersion":3120}