{"stats":{"minecraft:picked_up":{"minecraft:magma_block":2,"minecraft:chicken":2,"minecraft:wooden_pickaxe":1,"minecraft:sand":11,"hardcore_torches:lit_torch":1,"minecraft:oak_log":8,"minecraft:dirt":29,"minecraft:apple":1,"minecraft:wheat_seeds":1,"minecraft:rose_bush":1,"minecraft:oak_sapling":3,"minecraft:cobblestone":122},"minecraft:killed":{"endofherobrine:sheep":2},"minecraft:used":{"minecraft:stone_pickaxe":7,"immersive_weathering:enchanted_golden_moss_clump":1,"minecraft:dirt":6,"minecraft:cobblestone":20,"minecraft:magma_block":2,"minecraft:oak_sapling":1},"minecraft:dropped":{"minecraft:oak_sapling":1},"minecraft:mined":{"minecraft:birch_leaves":2,"treechop:chopped_log":1,"minecraft:grass":15,"biomesoplenty:bush":1,"minecraft:grass_block":15,"minecraft:oak_log":7,"minecraft:rose_bush":2,"minecraft:sand":10,"minecraft:dirt":3,"minecraft:cobblestone":7,"biomesoplenty:sprout":8,"minecraft:oak_leaves":1},"minecraft:crafted":{"minecraft:oak_planks":32,"minecraft:stick":4,"minecraft:stone_pickaxe":1,"minecraft:stone_axe":1},"minecraft:killed_by":{"cursed_sheep:cursed_sheep":1,"minecraft:player":2,"goatman:goatman":1,"minecraft:skeleton":2,"minecraft:zombie":1},"minecraft:custom":{"minecraft:time_since_rest":10504,"minecraft:interact_with_furnace":2,"minecraft:sprint_one_cm":59193,"minecraft:damage_taken":1704,"minecraft:walk_one_cm":133181,"minecraft:mob_kills":1,"minecraft:drop":1,"minecraft:damage_dealt":459,"minecraft:swim_one_cm":6469,"minecraft:interact_with_crafting_table":1,"minecraft:player_kills":1,"minecraft:fly_one_cm":67615,"minecraft:open_chest":4,"minecraft:crouch_one_cm":978,"minecraft:play_time":48977,"minecraft:deaths":8,"minecraft:interact_with_campfire":2,"minecraft:sneak_time":749,"minecraft:walk_under_water_one_cm":3497,"minecraft:boat_one_cm":13535,"minecraft:jump":495,"minecraft:leave_game":1,"minecraft:time_since_death":10471,"minecraft:walk_on_water_one_cm":8485,"minecraft:total_world_time":48977,"minecraft:fall_one_cm":14669}},"DataVersion":3120}