{"stats":{"minecraft:picked_up":{"minecraft:chicken":2,"minecraft:apple":1,"minecraft:wooden_pickaxe":1,"hardcore_torches:lit_torch":1,"minecraft:oak_log":6,"minecraft:oak_sapling":1,"minecraft:dirt":13,"minecraft:cobblestone":120},"minecraft:used":{"minecraft:cobblestone":19,"minecraft:oak_sapling":1,"minecraft:stone_pickaxe":7},"minecraft:mined":{"minecraft:grass":2,"minecraft:oak_log":6,"minecraft:cobblestone":7},"minecraft:crafted":{"minecraft:oak_planks":24,"minecraft:stone_axe":1,"minecraft:stick":4,"minecraft:stone_pickaxe":1},"minecraft:killed_by":{"minecraft:skeleton":1,"cursed_sheep:cursed_sheep":1,"goatman:goatman":1},"minecraft:custom":{"minecraft:open_chest":1,"minecraft:time_since_rest":330,"minecraft:interact_with_campfire":2,"minecraft:crouch_one_cm":739,"minecraft:deaths":4,"minecraft:play_time":24977,"minecraft:sprint_one_cm":28321,"minecraft:damage_taken":766,"minecraft:walk_one_cm":64820,"minecraft:sneak_time":603,"minecraft:walk_under_water_one_cm":385,"minecraft:jump":204,"minecraft:damage_dealt":0,"minecraft:walk_on_water_one_cm":414,"minecraft:leave_game":1,"minecraft:time_since_death":262,"minecraft:total_world_time":24977,"minecraft:swim_one_cm":785,"minecraft:fall_one_cm":9433,"minecraft:interact_with_crafting_table":1,"minecraft:fly_one_cm":37559}},"DataVersion":3120}