{"stats":{"minecraft:picked_up":{"minecraft:magma_block":2,"minecraft:chicken":2,"minecraft:wooden_pickaxe":1,"minecraft:sand":11,"hardcore_torches:lit_torch":1,"minecraft:oak_log":10,"minecraft:dirt":29,"minecraft:wooden_sword":1,"minecraft:apple":1,"minecraft:wheat_seeds":1,"minecraft:spruce_planks":3,"minecraft:oak_boat":2,"minecraft:rose_bush":1,"minecraft:light_gray_wool":1,"minecraft:oak_sapling":3,"minecraft:cobblestone":122},"minecraft:killed":{"endofherobrine:sheep":2},"minecraft:used":{"minecraft:golden_boots":1,"minecraft:spruce_slab":6,"minecraft:stone_pickaxe":7,"immersive_weathering:enchanted_golden_moss_clump":1,"minecraft:golden_helmet":1,"minecraft:wooden_sword":1,"minecraft:light_gray_wool":1,"minecraft:dirt":6,"minecraft:cobblestone":20,"minecraft:magma_block":2,"minecraft:oak_sapling":1,"minecraft:oak_boat":1,"minecraft:golden_chestplate":1},"minecraft:dropped":{"minecraft:oak_boat":1,"minecraft:oak_sapling":1},"minecraft:mined":{"minecraft:spruce_planks":3,"minecraft:birch_leaves":2,"minecraft:light_gray_wool":1,"treechop:chopped_log":2,"minecraft:grass":15,"biomesoplenty:bush":1,"minecraft:grass_block":15,"minecraft:oak_log":8,"minecraft:rose_bush":3,"minecraft:sand":10,"minecraft:dirt":3,"minecraft:cobblestone":7,"biomesoplenty:sprout":8,"minecraft:oak_leaves":1},"minecraft:broken":{"minecraft:wooden_sword":1},"minecraft:crafted":{"minecraft:oak_boat":1,"minecraft:oak_planks":40,"minecraft:spruce_slab":6,"minecraft:stick":4,"minecraft:stone_pickaxe":1,"minecraft:stone_axe":1},"minecraft:killed_by":{"man:managgresive":1,"cursed_sheep:cursed_sheep":1,"minecraft:player":2,"goatman:goatman":1,"minecraft:skeleton":2,"minecraft:zombie":1},"minecraft:custom":{"minecraft:time_since_rest":6366,"minecraft:interact_with_furnace":3,"minecraft:sprint_one_cm":71903,"minecraft:damage_taken":1982,"minecraft:walk_one_cm":155326,"minecraft:mob_kills":1,"minecraft:drop":2,"minecraft:damage_dealt":504,"minecraft:swim_one_cm":11796,"minecraft:interact_with_crafting_table":3,"minecraft:player_kills":1,"minecraft:fly_one_cm":86509,"minecraft:open_chest":6,"minecraft:crouch_one_cm":1299,"minecraft:play_time":60977,"minecraft:deaths":9,"minecraft:interact_with_campfire":2,"minecraft:sneak_time":1164,"minecraft:walk_under_water_one_cm":6238,"minecraft:boat_one_cm":13691,"minecraft:jump":604,"minecraft:leave_game":1,"minecraft:time_since_death":5805,"minecraft:walk_on_water_one_cm":14820,"minecraft:total_world_time":60977,"minecraft:fall_one_cm":16940}},"DataVersion":3120}