{"stats":{"minecraft:picked_up":{"minecraft:chicken":2,"minecraft:apple":1,"minecraft:wooden_pickaxe":1,"minecraft:oak_log":6,"minecraft:oak_sapling":1,"minecraft:dirt":13,"minecraft:cobblestone":113},"minecraft:used":{"minecraft:cobblestone":1,"minecraft:oak_sapling":1},"minecraft:mined":{"minecraft:oak_log":6},"minecraft:crafted":{"minecraft:oak_planks":24,"minecraft:stone_axe":1,"minecraft:stick":4,"minecraft:stone_pickaxe":1},"minecraft:killed_by":{"goatman:goatman":1},"minecraft:custom":{"minecraft:time_since_rest":2742,"minecraft:interact_with_campfire":2,"minecraft:crouch_one_cm":707,"minecraft:deaths":1,"minecraft:play_time":12977,"minecraft:sprint_one_cm":7833,"minecraft:damage_taken":110,"minecraft:walk_one_cm":27720,"minecraft:sneak_time":559,"minecraft:walk_under_water_one_cm":385,"minecraft:jump":62,"minecraft:walk_on_water_one_cm":414,"minecraft:leave_game":1,"minecraft:time_since_death":2094,"minecraft:total_world_time":12977,"minecraft:swim_one_cm":785,"minecraft:fall_one_cm":2270,"minecraft:interact_with_crafting_table":1,"minecraft:fly_one_cm":12558}},"DataVersion":3120}