{"stats":{"minecraft:picked_up":{"minecraft:magma_block":2,"minecraft:chicken":2,"minecraft:wooden_pickaxe":1,"hardcore_torches:lit_torch":1,"minecraft:oak_log":8,"minecraft:dirt":28,"minecraft:apple":1,"minecraft:oak_sapling":1,"minecraft:cobblestone":121},"minecraft:used":{"minecraft:stone_pickaxe":7,"minecraft:dirt":5,"minecraft:cobblestone":19,"minecraft:magma_block":2,"minecraft:oak_sapling":1},"minecraft:mined":{"minecraft:birch_leaves":2,"treechop:chopped_log":1,"minecraft:grass":7,"minecraft:grass_block":13,"minecraft:oak_log":7,"minecraft:dirt":1,"minecraft:cobblestone":7,"biomesoplenty:sprout":1,"minecraft:oak_leaves":1},"minecraft:crafted":{"minecraft:oak_planks":32,"minecraft:stick":4,"minecraft:stone_pickaxe":1,"minecraft:stone_axe":1},"minecraft:killed_by":{"cursed_sheep:cursed_sheep":1,"goatman:goatman":1,"minecraft:skeleton":2,"minecraft:zombie":1},"minecraft:custom":{"minecraft:time_since_rest":5342,"minecraft:sprint_one_cm":44853,"minecraft:damage_taken":1423,"minecraft:walk_one_cm":104852,"minecraft:damage_dealt":135,"minecraft:swim_one_cm":1865,"minecraft:interact_with_crafting_table":1,"minecraft:player_kills":1,"minecraft:fly_one_cm":49658,"minecraft:open_chest":1,"minecraft:crouch_one_cm":897,"minecraft:play_time":36977,"minecraft:deaths":6,"minecraft:interact_with_campfire":2,"minecraft:sneak_time":634,"minecraft:walk_under_water_one_cm":2740,"minecraft:jump":384,"minecraft:leave_game":1,"minecraft:time_since_death":5301,"minecraft:walk_on_water_one_cm":2534,"minecraft:total_world_time":36977,"minecraft:fall_one_cm":12612}},"DataVersion":3120}